GPU,release_mode,seatbelts_on,model,steps,agent_count,env_width,comm_radius,step,mean_agent_density,mean_s_step,env_volume,comm_radius_as_percentage_env_width
NVIDIA A100-SXM4-40GB,1,0,circles_spatial3D,200,64000,40.000000,2.000000,0,1.000000,0.001548,64000.000000,5.000000
NVIDIA A100-SXM4-40GB,1,0,circles_spatial3D,200,64000,40.000000,2.000000,1,1.000000,0.000430,64000.000000,5.000000
NVIDIA A100-SXM4-40GB,1,0,circles_spatial3D,200,64000,40.000000,2.000000,2,1.000000,0.000438,64000.000000,5.000000
NVIDIA A100-SXM4-40GB,1,0,circles_spatial3D,200,64000,40.000000,2.000000,3,1.000000,0.000430,64000.000000,5.000000
NVIDIA A100-SXM4-40GB,1,0,circles_spatial3D,200,64000,40.000000,2.000000,4,1.000000,0.000442,64000.000000,5.000000
NVIDIA A100-SXM4-40GB,1,0,circles_spatial3D,200,64000,40.000000,2.000000,5,1.000000,0.000443,64000.000000,5.000000
NVIDIA A100-SXM4-40GB,1,0,circles_spatial3D,200,64000,40.000000,2.000000,6,1.000000,0.000442,64000.000000,5.000000
NVIDIA A100-SXM4-40GB,1,0,circles_spatial3D,200,64000,40.000000,2.000000,7,1.000000,0.000432,64000.000000,5.000000
NVIDIA A100-SXM4-40GB,1,0,circles_spatial3D,200,64000,40.000000,2.000000,8,1.000000,0.000442,64000.000000,5.000000
NVIDIA A100-SXM4-40GB,1,0,circles_spatial3D,200,64000,40.000000,2.000000,9,1.000000,0.000432,64000.000000,5.000000
NVIDIA A100-SXM4-40GB,1,0,circles_spatial3D,200,64000,40.000000,2.000000,10,1.000000,0.000463,64000.000000,5.000000
NVIDIA A100-SXM4-40GB,1,0,circles_spatial3D,200,64000,40.000000,2.000000,11,1.000000,0.000433,64000.000000,5.000000
NVIDIA A100-SXM4-40GB,1,0,circles_spatial3D,200,64000,40.000000,2.000000,12,1.000000,0.000443,64000.000000,5.000000
NVIDIA A100-SXM4-40GB,1,0,circles_spatial3D,200,64000,40.000000,2.000000,13,1.000000,0.000433,64000.000000,5.000000
NVIDIA A100-SXM4-40GB,1,0,circles_spatial3D,200,64000,40.000000,2.000000,14,1.000000,0.000444,64000.000000,5.000000
NVIDIA A100-SXM4-40GB,1,0,circles_spatial3D,200,64000,40.000000,2.000000,15,1.000000,0.000449,64000.000000,5.000000
NVIDIA A100-SXM4-40GB,1,0,circles_spatial3D,200,64000,40.000000,2.000000,16,1.000000,0.000443,64000.000000,5.000000
NVIDIA A100-SXM4-40GB,1,0,circles_spatial3D,200,64000,40.000000,2.000000,17,1.000000,0.000434,64000.000000,5.000000
NVIDIA A100-SXM4-40GB,1,0,circles_spatial3D,200,64000,40.000000,2.000000,18,1.000000,0.000444,64000.000000,5.000000
NVIDIA A100-SXM4-40GB,1,0,circles_spatial3D,200,64000,40.000000,2.000000,19,1.000000,0.000435,64000.000000,5.000000
NVIDIA A100-SXM4-40GB,1,0,circles_spatial3D,200,64000,40.000000,2.000000,20,1.000000,0.000479,64000.000000,5.000000
NVIDIA A100-SXM4-40GB,1,0,circles_spatial3D,200,64000,40.000000,2.000000,21,1.000000,0.000430,64000.000000,5.000000
NVIDIA A100-SXM4-40GB,1,0,circles_spatial3D,200,64000,40.000000,2.000000,22,1.000000,0.000442,64000.000000,5.000000
NVIDIA A100-SXM4-40GB,1,0,circles_spatial3D,200,64000,40.000000,2.000000,23,1.000000,0.000431,64000.000000,5.000000
NVIDIA A100-SXM4-40GB,1,0,circles_spatial3D,200,64000,40.000000,2.000000,24,1.000000,0.000442,64000.000000,5.000000
NVIDIA A100-SXM4-40GB,1,0,circles_spatial3D,200,64000,40.000000,2.000000,25,1.000000,0.000443,64000.000000,5.000000
NVIDIA A100-SXM4-40GB,1,0,circles_spatial3D,200,64000,40.000000,2.000000,26,1.000000,0.000443,64000.000000,5.000000
NVIDIA A100-SXM4-40GB,1,0,circles_spatial3D,200,64000,40.000000,2.000000,27,1.000000,0.000433,64000.000000,5.000000
NVIDIA A100-SXM4-40GB,1,0,circles_spatial3D,200,64000,40.000000,2.000000,28,1.000000,0.000444,64000.000000,5.000000
NVIDIA A100-SXM4-40GB,1,0,circles_spatial3D,200,64000,40.000000,2.000000,29,1.000000,0.000433,64000.000000,5.000000
NVIDIA A100-SXM4-40GB,1,0,circles_spatial3D,200,64000,40.000000,2.000000,30,1.000000,0.000465,64000.000000,5.000000
NVIDIA A100-SXM4-40GB,1,0,circles_spatial3D,200,64000,40.000000,2.000000,31,1.000000,0.000436,64000.000000,5.000000
NVIDIA A100-SXM4-40GB,1,0,circles_spatial3D,200,64000,40.000000,2.000000,32,1.000000,0.000446,64000.000000,5.000000
NVIDIA A100-SXM4-40GB,1,0,circles_spatial3D,200,64000,40.000000,2.000000,33,1.000000,0.000435,64000.000000,5.000000
NVIDIA A100-SXM4-40GB,1,0,circles_spatial3D,200,64000,40.000000,2.000000,34,1.000000,0.000451,64000.000000,5.000000
NVIDIA A100-SXM4-40GB,1,0,circles_spatial3D,200,64000,40.000000,2.000000,35,1.000000,0.000447,64000.000000,5.000000
NVIDIA A100-SXM4-40GB,1,0,circles_spatial3D,200,64000,40.000000,2.000000,36,1.000000,0.000448,64000.000000,5.000000
NVIDIA A100-SXM4-40GB,1,0,circles_spatial3D,200,64000,40.000000,2.000000,37,1.000000,0.000437,64000.000000,5.000000
NVIDIA A100-SXM4-40GB,1,0,circles_spatial3D,200,64000,40.000000,2.000000,38,1.000000,0.000455,64000.000000,5.000000
NVIDIA A100-SXM4-40GB,1,0,circles_spatial3D,200,64000,40.000000,2.000000,39,1.000000,0.000437,64000.000000,5.000000
NVIDIA A100-SXM4-40GB,1,0,circles_spatial3D,200,64000,40.000000,2.000000,40,1.000000,0.000479,64000.000000,5.000000
NVIDIA A100-SXM4-40GB,1,0,circles_spatial3D,200,64000,40.000000,2.000000,41,1.000000,0.000435,64000.000000,5.000000
NVIDIA A100-SXM4-40GB,1,0,circles_spatial3D,200,64000,40.000000,2.000000,42,1.000000,0.000445,64000.000000,5.000000
NVIDIA A100-SXM4-40GB,1,0,circles_spatial3D,200,64000,40.000000,2.000000,43,1.000000,0.000435,64000.000000,5.000000
NVIDIA A100-SXM4-40GB,1,0,circles_spatial3D,200,64000,40.000000,2.000000,44,1.000000,0.000447,64000.000000,5.000000
NVIDIA A100-SXM4-40GB,1,0,circles_spatial3D,200,64000,40.000000,2.000000,45,1.000000,0.000447,64000.000000,5.000000
NVIDIA A100-SXM4-40GB,1,0,circles_spatial3D,200,64000,40.000000,2.000000,46,1.000000,0.000448,64000.000000,5.000000
NVIDIA A100-SXM4-40GB,1,0,circles_spatial3D,200,64000,40.000000,2.000000,47,1.000000,0.000438,64000.000000,5.000000
NVIDIA A100-SXM4-40GB,1,0,circles_spatial3D,200,64000,40.000000,2.000000,48,1.000000,0.000449,64000.000000,5.000000
NVIDIA A100-SXM4-40GB,1,0,circles_spatial3D,200,64000,40.000000,2.000000,49,1.000000,0.000438,64000.000000,5.000000
NVIDIA A100-SXM4-40GB,1,0,circles_spatial3D,200,64000,40.000000,2.000000,50,1.000000,0.000480,64000.000000,5.000000
NVIDIA A100-SXM4-40GB,1,0,circles_spatial3D,200,64000,40.000000,2.000000,51,1.000000,0.000437,64000.000000,5.000000
NVIDIA A100-SXM4-40GB,1,0,circles_spatial3D,200,64000,40.000000,2.000000,52,1.000000,0.000449,64000.000000,5.000000
NVIDIA A100-SXM4-40GB,1,0,circles_spatial3D,200,64000,40.000000,2.000000,53,1.000000,0.000439,64000.000000,5.000000
NVIDIA A100-SXM4-40GB,1,0,circles_spatial3D,200,64000,40.000000,2.000000,54,1.000000,0.000449,64000.000000,5.000000
NVIDIA A100-SXM4-40GB,1,0,circles_spatial3D,200,64000,40.000000,2.000000,55,1.000000,0.000449,64000.000000,5.000000
NVIDIA A100-SXM4-40GB,1,0,circles_spatial3D,200,64000,40.000000,2.000000,56,1.000000,0.000449,64000.000000,5.000000
NVIDIA A100-SXM4-40GB,1,0,circles_spatial3D,200,64000,40.000000,2.000000,57,1.000000,0.000440,64000.000000,5.000000
NVIDIA A100-SXM4-40GB,1,0,circles_spatial3D,200,64000,40.000000,2.000000,58,1.000000,0.000451,64000.000000,5.000000
NVIDIA A100-SXM4-40GB,1,0,circles_spatial3D,200,64000,40.000000,2.000000,59,1.000000,0.000442,64000.000000,5.000000
NVIDIA A100-SXM4-40GB,1,0,circles_spatial3D,200,64000,40.000000,2.000000,60,1.000000,0.000482,64000.000000,5.000000
NVIDIA A100-SXM4-40GB,1,0,circles_spatial3D,200,64000,40.000000,2.000000,61,1.000000,0.000441,64000.000000,5.000000
NVIDIA A100-SXM4-40GB,1,0,circles_spatial3D,200,64000,40.000000,2.000000,62,1.000000,0.000457,64000.000000,5.000000
NVIDIA A100-SXM4-40GB,1,0,circles_spatial3D,200,64000,40.000000,2.000000,63,1.000000,0.000442,64000.000000,5.000000
NVIDIA A100-SXM4-40GB,1,0,circles_spatial3D,200,64000,40.000000,2.000000,64,1.000000,0.000452,64000.000000,5.000000
NVIDIA A100-SXM4-40GB,1,0,circles_spatial3D,200,64000,40.000000,2.000000,65,1.000000,0.000453,64000.000000,5.000000
NVIDIA A100-SXM4-40GB,1,0,circles_spatial3D,200,64000,40.000000,2.000000,66,1.000000,0.000453,64000.000000,5.000000
NVIDIA A100-SXM4-40GB,1,0,circles_spatial3D,200,64000,40.000000,2.000000,67,1.000000,0.000444,64000.000000,5.000000
NVIDIA A100-SXM4-40GB,1,0,circles_spatial3D,200,64000,40.000000,2.000000,68,1.000000,0.000454,64000.000000,5.000000
NVIDIA A100-SXM4-40GB,1,0,circles_spatial3D,200,64000,40.000000,2.000000,69,1.000000,0.000443,64000.000000,5.000000
NVIDIA A100-SXM4-40GB,1,0,circles_spatial3D,200,64000,40.000000,2.000000,70,1.000000,0.000474,64000.000000,5.000000
NVIDIA A100-SXM4-40GB,1,0,circles_spatial3D,200,64000,40.000000,2.000000,71,1.000000,0.000444,64000.000000,5.000000
NVIDIA A100-SXM4-40GB,1,0,circles_spatial3D,200,64000,40.000000,2.000000,72,1.000000,0.000456,64000.000000,5.000000
NVIDIA A100-SXM4-40GB,1,0,circles_spatial3D,200,64000,40.000000,2.000000,73,1.000000,0.000445,64000.000000,5.000000
NVIDIA A100-SXM4-40GB,1,0,circles_spatial3D,200,64000,40.000000,2.000000,74,1.000000,0.000460,64000.000000,5.000000
NVIDIA A100-SXM4-40GB,1,0,circles_spatial3D,200,64000,40.000000,2.000000,75,1.000000,0.000456,64000.000000,5.000000
NVIDIA A100-SXM4-40GB,1,0,circles_spatial3D,200,64000,40.000000,2.000000,76,1.000000,0.000457,64000.000000,5.000000
NVIDIA A100-SXM4-40GB,1,0,circles_spatial3D,200,64000,40.000000,2.000000,77,1.000000,0.000452,64000.000000,5.000000
NVIDIA A100-SXM4-40GB,1,0,circles_spatial3D,200,64000,40.000000,2.000000,78,1.000000,0.000457,64000.000000,5.000000
NVIDIA A100-SXM4-40GB,1,0,circles_spatial3D,200,64000,40.000000,2.000000,79,1.000000,0.000447,64000.000000,5.000000
NVIDIA A100-SXM4-40GB,1,0,circles_spatial3D,200,64000,40.000000,2.000000,80,1.000000,0.000488,64000.000000,5.000000
NVIDIA A100-SXM4-40GB,1,0,circles_spatial3D,200,64000,40.000000,2.000000,81,1.000000,0.000447,64000.000000,5.000000
NVIDIA A100-SXM4-40GB,1,0,circles_spatial3D,200,64000,40.000000,2.000000,82,1.000000,0.000457,64000.000000,5.000000
NVIDIA A100-SXM4-40GB,1,0,circles_spatial3D,200,64000,40.000000,2.000000,83,1.000000,0.000448,64000.000000,5.000000
NVIDIA A100-SXM4-40GB,1,0,circles_spatial3D,200,64000,40.000000,2.000000,84,1.000000,0.000459,64000.000000,5.000000
NVIDIA A100-SXM4-40GB,1,0,circles_spatial3D,200,64000,40.000000,2.000000,85,1.000000,0.000460,64000.000000,5.000000
NVIDIA A100-SXM4-40GB,1,0,circles_spatial3D,200,64000,40.000000,2.000000,86,1.000000,0.000461,64000.000000,5.000000
NVIDIA A100-SXM4-40GB,1,0,circles_spatial3D,200,64000,40.000000,2.000000,87,1.000000,0.000451,64000.000000,5.000000
NVIDIA A100-SXM4-40GB,1,0,circles_spatial3D,200,64000,40.000000,2.000000,88,1.000000,0.000461,64000.000000,5.000000
NVIDIA A100-SXM4-40GB,1,0,circles_spatial3D,200,64000,40.000000,2.000000,89,1.000000,0.000452,64000.000000,5.000000
NVIDIA A100-SXM4-40GB,1,0,circles_spatial3D,200,64000,40.000000,2.000000,90,1.000000,0.000483,64000.000000,5.000000
NVIDIA A100-SXM4-40GB,1,0,circles_spatial3D,200,64000,40.000000,2.000000,91,1.000000,0.000452,64000.000000,5.000000
NVIDIA A100-SXM4-40GB,1,0,circles_spatial3D,200,64000,40.000000,2.000000,92,1.000000,0.000463,64000.000000,5.000000
NVIDIA A100-SXM4-40GB,1,0,circles_spatial3D,200,64000,40.000000,2.000000,93,1.000000,0.000453,64000.000000,5.000000
NVIDIA A100-SXM4-40GB,1,0,circles_spatial3D,200,64000,40.000000,2.000000,94,1.000000,0.000464,64000.000000,5.000000
NVIDIA A100-SXM4-40GB,1,0,circles_spatial3D,200,64000,40.000000,2.000000,95,1.000000,0.000465,64000.000000,5.000000
NVIDIA A100-SXM4-40GB,1,0,circles_spatial3D,200,64000,40.000000,2.000000,96,1.000000,0.000471,64000.000000,5.000000
NVIDIA A100-SXM4-40GB,1,0,circles_spatial3D,200,64000,40.000000,2.000000,97,1.000000,0.000461,64000.000000,5.000000
NVIDIA A100-SXM4-40GB,1,0,circles_spatial3D,200,64000,40.000000,2.000000,98,1.000000,0.000466,64000.000000,5.000000
NVIDIA A100-SXM4-40GB,1,0,circles_spatial3D,200,64000,40.000000,2.000000,99,1.000000,0.000457,64000.000000,5.000000
NVIDIA A100-SXM4-40GB,1,0,circles_spatial3D,200,64000,40.000000,2.000000,100,1.000000,0.000513,64000.000000,5.000000
NVIDIA A100-SXM4-40GB,1,0,circles_spatial3D,200,64000,40.000000,2.000000,101,1.000000,0.000455,64000.000000,5.000000
NVIDIA A100-SXM4-40GB,1,0,circles_spatial3D,200,64000,40.000000,2.000000,102,1.000000,0.000460,64000.000000,5.000000
NVIDIA A100-SXM4-40GB,1,0,circles_spatial3D,200,64000,40.000000,2.000000,103,1.000000,0.000450,64000.000000,5.000000
NVIDIA A100-SXM4-40GB,1,0,circles_spatial3D,200,64000,40.000000,2.000000,104,1.000000,0.000462,64000.000000,5.000000
NVIDIA A100-SXM4-40GB,1,0,circles_spatial3D,200,64000,40.000000,2.000000,105,1.000000,0.000464,64000.000000,5.000000
NVIDIA A100-SXM4-40GB,1,0,circles_spatial3D,200,64000,40.000000,2.000000,106,1.000000,0.000464,64000.000000,5.000000
NVIDIA A100-SXM4-40GB,1,0,circles_spatial3D,200,64000,40.000000,2.000000,107,1.000000,0.000455,64000.000000,5.000000
NVIDIA A100-SXM4-40GB,1,0,circles_spatial3D,200,64000,40.000000,2.000000,108,1.000000,0.000466,64000.000000,5.000000
NVIDIA A100-SXM4-40GB,1,0,circles_spatial3D,200,64000,40.000000,2.000000,109,1.000000,0.000457,64000.000000,5.000000
NVIDIA A100-SXM4-40GB,1,0,circles_spatial3D,200,64000,40.000000,2.000000,110,1.000000,0.000487,64000.000000,5.000000
NVIDIA A100-SXM4-40GB,1,0,circles_spatial3D,200,64000,40.000000,2.000000,111,1.000000,0.000457,64000.000000,5.000000
NVIDIA A100-SXM4-40GB,1,0,circles_spatial3D,200,64000,40.000000,2.000000,112,1.000000,0.000467,64000.000000,5.000000
NVIDIA A100-SXM4-40GB,1,0,circles_spatial3D,200,64000,40.000000,2.000000,113,1.000000,0.000457,64000.000000,5.000000
NVIDIA A100-SXM4-40GB,1,0,circles_spatial3D,200,64000,40.000000,2.000000,114,1.000000,0.000470,64000.000000,5.000000
NVIDIA A100-SXM4-40GB,1,0,circles_spatial3D,200,64000,40.000000,2.000000,115,1.000000,0.000470,64000.000000,5.000000
NVIDIA A100-SXM4-40GB,1,0,circles_spatial3D,200,64000,40.000000,2.000000,116,1.000000,0.000471,64000.000000,5.000000
NVIDIA A100-SXM4-40GB,1,0,circles_spatial3D,200,64000,40.000000,2.000000,117,1.000000,0.000461,64000.000000,5.000000
NVIDIA A100-SXM4-40GB,1,0,circles_spatial3D,200,64000,40.000000,2.000000,118,1.000000,0.000478,64000.000000,5.000000
NVIDIA A100-SXM4-40GB,1,0,circles_spatial3D,200,64000,40.000000,2.000000,119,1.000000,0.000467,64000.000000,5.000000
NVIDIA A100-SXM4-40GB,1,0,circles_spatial3D,200,64000,40.000000,2.000000,120,1.000000,0.000503,64000.000000,5.000000
NVIDIA A100-SXM4-40GB,1,0,circles_spatial3D,200,64000,40.000000,2.000000,121,1.000000,0.000462,64000.000000,5.000000
NVIDIA A100-SXM4-40GB,1,0,circles_spatial3D,200,64000,40.000000,2.000000,122,1.000000,0.000473,64000.000000,5.000000
NVIDIA A100-SXM4-40GB,1,0,circles_spatial3D,200,64000,40.000000,2.000000,123,1.000000,0.000463,64000.000000,5.000000
NVIDIA A100-SXM4-40GB,1,0,circles_spatial3D,200,64000,40.000000,2.000000,124,1.000000,0.000473,64000.000000,5.000000
NVIDIA A100-SXM4-40GB,1,0,circles_spatial3D,200,64000,40.000000,2.000000,125,1.000000,0.000473,64000.000000,5.000000
NVIDIA A100-SXM4-40GB,1,0,circles_spatial3D,200,64000,40.000000,2.000000,126,1.000000,0.000474,64000.000000,5.000000
NVIDIA A100-SXM4-40GB,1,0,circles_spatial3D,200,64000,40.000000,2.000000,127,1.000000,0.000464,64000.000000,5.000000
NVIDIA A100-SXM4-40GB,1,0,circles_spatial3D,200,64000,40.000000,2.000000,128,1.000000,0.000474,64000.000000,5.000000
NVIDIA A100-SXM4-40GB,1,0,circles_spatial3D,200,64000,40.000000,2.000000,129,1.000000,0.000465,64000.000000,5.000000
NVIDIA A100-SXM4-40GB,1,0,circles_spatial3D,200,64000,40.000000,2.000000,130,1.000000,0.000496,64000.000000,5.000000
NVIDIA A100-SXM4-40GB,1,0,circles_spatial3D,200,64000,40.000000,2.000000,131,1.000000,0.000466,64000.000000,5.000000
NVIDIA A100-SXM4-40GB,1,0,circles_spatial3D,200,64000,40.000000,2.000000,132,1.000000,0.000477,64000.000000,5.000000
NVIDIA A100-SXM4-40GB,1,0,circles_spatial3D,200,64000,40.000000,2.000000,133,1.000000,0.000467,64000.000000,5.000000
NVIDIA A100-SXM4-40GB,1,0,circles_spatial3D,200,64000,40.000000,2.000000,134,1.000000,0.000478,64000.000000,5.000000
NVIDIA A100-SXM4-40GB,1,0,circles_spatial3D,200,64000,40.000000,2.000000,135,1.000000,0.000480,64000.000000,5.000000
NVIDIA A100-SXM4-40GB,1,0,circles_spatial3D,200,64000,40.000000,2.000000,136,1.000000,0.000479,64000.000000,5.000000
NVIDIA A100-SXM4-40GB,1,0,circles_spatial3D,200,64000,40.000000,2.000000,137,1.000000,0.000470,64000.000000,5.000000
NVIDIA A100-SXM4-40GB,1,0,circles_spatial3D,200,64000,40.000000,2.000000,138,1.000000,0.000481,64000.000000,5.000000
NVIDIA A100-SXM4-40GB,1,0,circles_spatial3D,200,64000,40.000000,2.000000,139,1.000000,0.000471,64000.000000,5.000000
NVIDIA A100-SXM4-40GB,1,0,circles_spatial3D,200,64000,40.000000,2.000000,140,1.000000,0.000510,64000.000000,5.000000
NVIDIA A100-SXM4-40GB,1,0,circles_spatial3D,200,64000,40.000000,2.000000,141,1.000000,0.000469,64000.000000,5.000000
NVIDIA A100-SXM4-40GB,1,0,circles_spatial3D,200,64000,40.000000,2.000000,142,1.000000,0.000483,64000.000000,5.000000
NVIDIA A100-SXM4-40GB,1,0,circles_spatial3D,200,64000,40.000000,2.000000,143,1.000000,0.000470,64000.000000,5.000000
NVIDIA A100-SXM4-40GB,1,0,circles_spatial3D,200,64000,40.000000,2.000000,144,1.000000,0.000481,64000.000000,5.000000
NVIDIA A100-SXM4-40GB,1,0,circles_spatial3D,200,64000,40.000000,2.000000,145,1.000000,0.000487,64000.000000,5.000000
NVIDIA A100-SXM4-40GB,1,0,circles_spatial3D,200,64000,40.000000,2.000000,146,1.000000,0.000483,64000.000000,5.000000
NVIDIA A100-SXM4-40GB,1,0,circles_spatial3D,200,64000,40.000000,2.000000,147,1.000000,0.000471,64000.000000,5.000000
NVIDIA A100-SXM4-40GB,1,0,circles_spatial3D,200,64000,40.000000,2.000000,148,1.000000,0.000482,64000.000000,5.000000
NVIDIA A100-SXM4-40GB,1,0,circles_spatial3D,200,64000,40.000000,2.000000,149,1.000000,0.000473,64000.000000,5.000000
NVIDIA A100-SXM4-40GB,1,0,circles_spatial3D,200,64000,40.000000,2.000000,150,1.000000,0.000519,64000.000000,5.000000
NVIDIA A100-SXM4-40GB,1,0,circles_spatial3D,200,64000,40.000000,2.000000,151,1.000000,0.000473,64000.000000,5.000000
NVIDIA A100-SXM4-40GB,1,0,circles_spatial3D,200,64000,40.000000,2.000000,152,1.000000,0.000482,64000.000000,5.000000
NVIDIA A100-SXM4-40GB,1,0,circles_spatial3D,200,64000,40.000000,2.000000,153,1.000000,0.000472,64000.000000,5.000000
NVIDIA A100-SXM4-40GB,1,0,circles_spatial3D,200,64000,40.000000,2.000000,154,1.000000,0.000482,64000.000000,5.000000
NVIDIA A100-SXM4-40GB,1,0,circles_spatial3D,200,64000,40.000000,2.000000,155,1.000000,0.000485,64000.000000,5.000000
NVIDIA A100-SXM4-40GB,1,0,circles_spatial3D,200,64000,40.000000,2.000000,156,1.000000,0.000485,64000.000000,5.000000
NVIDIA A100-SXM4-40GB,1,0,circles_spatial3D,200,64000,40.000000,2.000000,157,1.000000,0.000475,64000.000000,5.000000
NVIDIA A100-SXM4-40GB,1,0,circles_spatial3D,200,64000,40.000000,2.000000,158,1.000000,0.000485,64000.000000,5.000000
NVIDIA A100-SXM4-40GB,1,0,circles_spatial3D,200,64000,40.000000,2.000000,159,1.000000,0.000476,64000.000000,5.000000
NVIDIA A100-SXM4-40GB,1,0,circles_spatial3D,200,64000,40.000000,2.000000,160,1.000000,0.000516,64000.000000,5.000000
NVIDIA A100-SXM4-40GB,1,0,circles_spatial3D,200,64000,40.000000,2.000000,161,1.000000,0.000474,64000.000000,5.000000
NVIDIA A100-SXM4-40GB,1,0,circles_spatial3D,200,64000,40.000000,2.000000,162,1.000000,0.000486,64000.000000,5.000000
NVIDIA A100-SXM4-40GB,1,0,circles_spatial3D,200,64000,40.000000,2.000000,163,1.000000,0.000477,64000.000000,5.000000
NVIDIA A100-SXM4-40GB,1,0,circles_spatial3D,200,64000,40.000000,2.000000,164,1.000000,0.000488,64000.000000,5.000000
NVIDIA A100-SXM4-40GB,1,0,circles_spatial3D,200,64000,40.000000,2.000000,165,1.000000,0.000489,64000.000000,5.000000
NVIDIA A100-SXM4-40GB,1,0,circles_spatial3D,200,64000,40.000000,2.000000,166,1.000000,0.000489,64000.000000,5.000000
NVIDIA A100-SXM4-40GB,1,0,circles_spatial3D,200,64000,40.000000,2.000000,167,1.000000,0.000479,64000.000000,5.000000
NVIDIA A100-SXM4-40GB,1,0,circles_spatial3D,200,64000,40.000000,2.000000,168,1.000000,0.000491,64000.000000,5.000000
NVIDIA A100-SXM4-40GB,1,0,circles_spatial3D,200,64000,40.000000,2.000000,169,1.000000,0.000482,64000.000000,5.000000
NVIDIA A100-SXM4-40GB,1,0,circles_spatial3D,200,64000,40.000000,2.000000,170,1.000000,0.000511,64000.000000,5.000000
NVIDIA A100-SXM4-40GB,1,0,circles_spatial3D,200,64000,40.000000,2.000000,171,1.000000,0.000481,64000.000000,5.000000
NVIDIA A100-SXM4-40GB,1,0,circles_spatial3D,200,64000,40.000000,2.000000,172,1.000000,0.000492,64000.000000,5.000000
NVIDIA A100-SXM4-40GB,1,0,circles_spatial3D,200,64000,40.000000,2.000000,173,1.000000,0.000481,64000.000000,5.000000
NVIDIA A100-SXM4-40GB,1,0,circles_spatial3D,200,64000,40.000000,2.000000,174,1.000000,0.000492,64000.000000,5.000000
NVIDIA A100-SXM4-40GB,1,0,circles_spatial3D,200,64000,40.000000,2.000000,175,1.000000,0.000495,64000.000000,5.000000
NVIDIA A100-SXM4-40GB,1,0,circles_spatial3D,200,64000,40.000000,2.000000,176,1.000000,0.000495,64000.000000,5.000000
NVIDIA A100-SXM4-40GB,1,0,circles_spatial3D,200,64000,40.000000,2.000000,177,1.000000,0.000487,64000.000000,5.000000
NVIDIA A100-SXM4-40GB,1,0,circles_spatial3D,200,64000,40.000000,2.000000,178,1.000000,0.000497,64000.000000,5.000000
NVIDIA A100-SXM4-40GB,1,0,circles_spatial3D,200,64000,40.000000,2.000000,179,1.000000,0.000487,64000.000000,5.000000
NVIDIA A100-SXM4-40GB,1,0,circles_spatial3D,200,64000,40.000000,2.000000,180,1.000000,0.000528,64000.000000,5.000000
NVIDIA A100-SXM4-40GB,1,0,circles_spatial3D,200,64000,40.000000,2.000000,181,1.000000,0.000484,64000.000000,5.000000
NVIDIA A100-SXM4-40GB,1,0,circles_spatial3D,200,64000,40.000000,2.000000,182,1.000000,0.000495,64000.000000,5.000000
NVIDIA A100-SXM4-40GB,1,0,circles_spatial3D,200,64000,40.000000,2.000000,183,1.000000,0.000485,64000.000000,5.000000
NVIDIA A100-SXM4-40GB,1,0,circles_spatial3D,200,64000,40.000000,2.000000,184,1.000000,0.000497,64000.000000,5.000000
NVIDIA A100-SXM4-40GB,1,0,circles_spatial3D,200,64000,40.000000,2.000000,185,1.000000,0.000499,64000.000000,5.000000
NVIDIA A100-SXM4-40GB,1,0,circles_spatial3D,200,64000,40.000000,2.000000,186,1.000000,0.000496,64000.000000,5.000000
NVIDIA A100-SXM4-40GB,1,0,circles_spatial3D,200,64000,40.000000,2.000000,187,1.000000,0.000483,64000.000000,5.000000
NVIDIA A100-SXM4-40GB,1,0,circles_spatial3D,200,64000,40.000000,2.000000,188,1.000000,0.000493,64000.000000,5.000000
NVIDIA A100-SXM4-40GB,1,0,circles_spatial3D,200,64000,40.000000,2.000000,189,1.000000,0.000483,64000.000000,5.000000
NVIDIA A100-SXM4-40GB,1,0,circles_spatial3D,200,64000,40.000000,2.000000,190,1.000000,0.000512,64000.000000,5.000000
NVIDIA A100-SXM4-40GB,1,0,circles_spatial3D,200,64000,40.000000,2.000000,191,1.000000,0.000482,64000.000000,5.000000
NVIDIA A100-SXM4-40GB,1,0,circles_spatial3D,200,64000,40.000000,2.000000,192,1.000000,0.000499,64000.000000,5.000000
NVIDIA A100-SXM4-40GB,1,0,circles_spatial3D,200,64000,40.000000,2.000000,193,1.000000,0.000484,64000.000000,5.000000
NVIDIA A100-SXM4-40GB,1,0,circles_spatial3D,200,64000,40.000000,2.000000,194,1.000000,0.000495,64000.000000,5.000000
NVIDIA A100-SXM4-40GB,1,0,circles_spatial3D,200,64000,40.000000,2.000000,195,1.000000,0.000499,64000.000000,5.000000
NVIDIA A100-SXM4-40GB,1,0,circles_spatial3D,200,64000,40.000000,2.000000,196,1.000000,0.000494,64000.000000,5.000000
NVIDIA A100-SXM4-40GB,1,0,circles_spatial3D,200,64000,40.000000,2.000000,197,1.000000,0.000483,64000.000000,5.000000
NVIDIA A100-SXM4-40GB,1,0,circles_spatial3D,200,64000,40.000000,2.000000,198,1.000000,0.000494,64000.000000,5.000000
NVIDIA A100-SXM4-40GB,1,0,circles_spatial3D,200,64000,40.000000,2.000000,199,1.000000,0.000485,64000.000000,5.000000
NVIDIA A100-SXM4-40GB,1,0,circles_spatial3D,200,64000,40.000000,4.000000,0,1.000000,0.003005,64000.000000,10.000000
NVIDIA A100-SXM4-40GB,1,0,circles_spatial3D,200,64000,40.000000,4.000000,1,1.000000,0.001969,64000.000000,10.000000
NVIDIA A100-SXM4-40GB,1,0,circles_spatial3D,200,64000,40.000000,4.000000,2,1.000000,0.001971,64000.000000,10.000000
NVIDIA A100-SXM4-40GB,1,0,circles_spatial3D,200,64000,40.000000,4.000000,3,1.000000,0.001965,64000.000000,10.000000
NVIDIA A100-SXM4-40GB,1,0,circles_spatial3D,200,64000,40.000000,4.000000,4,1.000000,0.001997,64000.000000,10.000000
NVIDIA A100-SXM4-40GB,1,0,circles_spatial3D,200,64000,40.000000,4.000000,5,1.000000,0.001990,64000.000000,10.000000
NVIDIA A100-SXM4-40GB,1,0,circles_spatial3D,200,64000,40.000000,4.000000,6,1.000000,0.001989,64000.000000,10.000000
NVIDIA A100-SXM4-40GB,1,0,circles_spatial3D,200,64000,40.000000,4.000000,7,1.000000,0.001984,64000.000000,10.000000
NVIDIA A100-SXM4-40GB,1,0,circles_spatial3D,200,64000,40.000000,4.000000,8,1.000000,0.001991,64000.000000,10.000000
NVIDIA A100-SXM4-40GB,1,0,circles_spatial3D,200,64000,40.000000,4.000000,9,1.000000,0.001985,64000.000000,10.000000
NVIDIA A100-SXM4-40GB,1,0,circles_spatial3D,200,64000,40.000000,4.000000,10,1.000000,0.002004,64000.000000,10.000000
NVIDIA A100-SXM4-40GB,1,0,circles_spatial3D,200,64000,40.000000,4.000000,11,1.000000,0.001981,64000.000000,10.000000
NVIDIA A100-SXM4-40GB,1,0,circles_spatial3D,200,64000,40.000000,4.000000,12,1.000000,0.002001,64000.000000,10.000000
NVIDIA A100-SXM4-40GB,1,0,circles_spatial3D,200,64000,40.000000,4.000000,13,1.000000,0.001998,64000.000000,10.000000
NVIDIA A100-SXM4-40GB,1,0,circles_spatial3D,200,64000,40.000000,4.000000,14,1.000000,0.002000,64000.000000,10.000000
NVIDIA A100-SXM4-40GB,1,0,circles_spatial3D,200,64000,40.000000,4.000000,15,1.000000,0.001998,64000.000000,10.000000
NVIDIA A100-SXM4-40GB,1,0,circles_spatial3D,200,64000,40.000000,4.000000,16,1.000000,0.001998,64000.000000,10.000000
NVIDIA A100-SXM4-40GB,1,0,circles_spatial3D,200,64000,40.000000,4.000000,17,1.000000,0.001996,64000.000000,10.000000
NVIDIA A100-SXM4-40GB,1,0,circles_spatial3D,200,64000,40.000000,4.000000,18,1.000000,0.002016,64000.000000,10.000000
NVIDIA A100-SXM4-40GB,1,0,circles_spatial3D,200,64000,40.000000,4.000000,19,1.000000,0.002007,64000.000000,10.000000
NVIDIA A100-SXM4-40GB,1,0,circles_spatial3D,200,64000,40.000000,4.000000,20,1.000000,0.002014,64000.000000,10.000000
NVIDIA A100-SXM4-40GB,1,0,circles_spatial3D,200,64000,40.000000,4.000000,21,1.000000,0.001986,64000.000000,10.000000
NVIDIA A100-SXM4-40GB,1,0,circles_spatial3D,200,64000,40.000000,4.000000,22,1.000000,0.001995,64000.000000,10.000000
NVIDIA A100-SXM4-40GB,1,0,circles_spatial3D,200,64000,40.000000,4.000000,23,1.000000,0.001984,64000.000000,10.000000
NVIDIA A100-SXM4-40GB,1,0,circles_spatial3D,200,64000,40.000000,4.000000,24,1.000000,0.001994,64000.000000,10.000000
NVIDIA A100-SXM4-40GB,1,0,circles_spatial3D,200,64000,40.000000,4.000000,25,1.000000,0.001995,64000.000000,10.000000
NVIDIA A100-SXM4-40GB,1,0,circles_spatial3D,200,64000,40.000000,4.000000,26,1.000000,0.001995,64000.000000,10.000000
NVIDIA A100-SXM4-40GB,1,0,circles_spatial3D,200,64000,40.000000,4.000000,27,1.000000,0.002004,64000.000000,10.000000
NVIDIA A100-SXM4-40GB,1,0,circles_spatial3D,200,64000,40.000000,4.000000,28,1.000000,0.002010,64000.000000,10.000000
NVIDIA A100-SXM4-40GB,1,0,circles_spatial3D,200,64000,40.000000,4.000000,29,1.000000,0.002003,64000.000000,10.000000
NVIDIA A100-SXM4-40GB,1,0,circles_spatial3D,200,64000,40.000000,4.000000,30,1.000000,0.002016,64000.000000,10.000000
NVIDIA A100-SXM4-40GB,1,0,circles_spatial3D,200,64000,40.000000,4.000000,31,1.000000,0.001996,64000.000000,10.000000
NVIDIA A100-SXM4-40GB,1,0,circles_spatial3D,200,64000,40.000000,4.000000,32,1.000000,0.001992,64000.000000,10.000000
NVIDIA A100-SXM4-40GB,1,0,circles_spatial3D,200,64000,40.000000,4.000000,33,1.000000,0.001991,64000.000000,10.000000
NVIDIA A100-SXM4-40GB,1,0,circles_spatial3D,200,64000,40.000000,4.000000,34,1.000000,0.001992,64000.000000,10.000000
NVIDIA A100-SXM4-40GB,1,0,circles_spatial3D,200,64000,40.000000,4.000000,35,1.000000,0.001989,64000.000000,10.000000
NVIDIA A100-SXM4-40GB,1,0,circles_spatial3D,200,64000,40.000000,4.000000,36,1.000000,0.001992,64000.000000,10.000000
NVIDIA A100-SXM4-40GB,1,0,circles_spatial3D,200,64000,40.000000,4.000000,37,1.000000,0.001985,64000.000000,10.000000
NVIDIA A100-SXM4-40GB,1,0,circles_spatial3D,200,64000,40.000000,4.000000,38,1.000000,0.001995,64000.000000,10.000000
NVIDIA A100-SXM4-40GB,1,0,circles_spatial3D,200,64000,40.000000,4.000000,39,1.000000,0.001987,64000.000000,10.000000
NVIDIA A100-SXM4-40GB,1,0,circles_spatial3D,200,64000,40.000000,4.000000,40,1.000000,0.002017,64000.000000,10.000000
NVIDIA A100-SXM4-40GB,1,0,circles_spatial3D,200,64000,40.000000,4.000000,41,1.000000,0.001987,64000.000000,10.000000
NVIDIA A100-SXM4-40GB,1,0,circles_spatial3D,200,64000,40.000000,4.000000,42,1.000000,0.002010,64000.000000,10.000000
NVIDIA A100-SXM4-40GB,1,0,circles_spatial3D,200,64000,40.000000,4.000000,43,1.000000,0.002012,64000.000000,10.000000
NVIDIA A100-SXM4-40GB,1,0,circles_spatial3D,200,64000,40.000000,4.000000,44,1.000000,0.002016,64000.000000,10.000000
NVIDIA A100-SXM4-40GB,1,0,circles_spatial3D,200,64000,40.000000,4.000000,45,1.000000,0.001999,64000.000000,10.000000
NVIDIA A100-SXM4-40GB,1,0,circles_spatial3D,200,64000,40.000000,4.000000,46,1.000000,0.001997,64000.000000,10.000000
NVIDIA A100-SXM4-40GB,1,0,circles_spatial3D,200,64000,40.000000,4.000000,47,1.000000,0.001989,64000.000000,10.000000
NVIDIA A100-SXM4-40GB,1,0,circles_spatial3D,200,64000,40.000000,4.000000,48,1.000000,0.002002,64000.000000,10.000000
NVIDIA A100-SXM4-40GB,1,0,circles_spatial3D,200,64000,40.000000,4.000000,49,1.000000,0.001989,64000.000000,10.000000
NVIDIA A100-SXM4-40GB,1,0,circles_spatial3D,200,64000,40.000000,4.000000,50,1.000000,0.002011,64000.000000,10.000000
NVIDIA A100-SXM4-40GB,1,0,circles_spatial3D,200,64000,40.000000,4.000000,51,1.000000,0.001982,64000.000000,10.000000
NVIDIA A100-SXM4-40GB,1,0,circles_spatial3D,200,64000,40.000000,4.000000,52,1.000000,0.001989,64000.000000,10.000000
NVIDIA A100-SXM4-40GB,1,0,circles_spatial3D,200,64000,40.000000,4.000000,53,1.000000,0.001981,64000.000000,10.000000
NVIDIA A100-SXM4-40GB,1,0,circles_spatial3D,200,64000,40.000000,4.000000,54,1.000000,0.001986,64000.000000,10.000000
NVIDIA A100-SXM4-40GB,1,0,circles_spatial3D,200,64000,40.000000,4.000000,55,1.000000,0.001991,64000.000000,10.000000
NVIDIA A100-SXM4-40GB,1,0,circles_spatial3D,200,64000,40.000000,4.000000,56,1.000000,0.001987,64000.000000,10.000000
NVIDIA A100-SXM4-40GB,1,0,circles_spatial3D,200,64000,40.000000,4.000000,57,1.000000,0.001983,64000.000000,10.000000
NVIDIA A100-SXM4-40GB,1,0,circles_spatial3D,200,64000,40.000000,4.000000,58,1.000000,0.001990,64000.000000,10.000000
NVIDIA A100-SXM4-40GB,1,0,circles_spatial3D,200,64000,40.000000,4.000000,59,1.000000,0.001980,64000.000000,10.000000
NVIDIA A100-SXM4-40GB,1,0,circles_spatial3D,200,64000,40.000000,4.000000,60,1.000000,0.002004,64000.000000,10.000000
NVIDIA A100-SXM4-40GB,1,0,circles_spatial3D,200,64000,40.000000,4.000000,61,1.000000,0.001978,64000.000000,10.000000
NVIDIA A100-SXM4-40GB,1,0,circles_spatial3D,200,64000,40.000000,4.000000,62,1.000000,0.001989,64000.000000,10.000000
NVIDIA A100-SXM4-40GB,1,0,circles_spatial3D,200,64000,40.000000,4.000000,63,1.000000,0.001979,64000.000000,10.000000
NVIDIA A100-SXM4-40GB,1,0,circles_spatial3D,200,64000,40.000000,4.000000,64,1.000000,0.001988,64000.000000,10.000000
NVIDIA A100-SXM4-40GB,1,0,circles_spatial3D,200,64000,40.000000,4.000000,65,1.000000,0.001989,64000.000000,10.000000
NVIDIA A100-SXM4-40GB,1,0,circles_spatial3D,200,64000,40.000000,4.000000,66,1.000000,0.001988,64000.000000,10.000000
NVIDIA A100-SXM4-40GB,1,0,circles_spatial3D,200,64000,40.000000,4.000000,67,1.000000,0.001983,64000.000000,10.000000
NVIDIA A100-SXM4-40GB,1,0,circles_spatial3D,200,64000,40.000000,4.000000,68,1.000000,0.001990,64000.000000,10.000000
NVIDIA A100-SXM4-40GB,1,0,circles_spatial3D,200,64000,40.000000,4.000000,69,1.000000,0.001985,64000.000000,10.000000
NVIDIA A100-SXM4-40GB,1,0,circles_spatial3D,200,64000,40.000000,4.000000,70,1.000000,0.002007,64000.000000,10.000000
NVIDIA A100-SXM4-40GB,1,0,circles_spatial3D,200,64000,40.000000,4.000000,71,1.000000,0.001988,64000.000000,10.000000
NVIDIA A100-SXM4-40GB,1,0,circles_spatial3D,200,64000,40.000000,4.000000,72,1.000000,0.002000,64000.000000,10.000000
NVIDIA A100-SXM4-40GB,1,0,circles_spatial3D,200,64000,40.000000,4.000000,73,1.000000,0.001989,64000.000000,10.000000
NVIDIA A100-SXM4-40GB,1,0,circles_spatial3D,200,64000,40.000000,4.000000,74,1.000000,0.001997,64000.000000,10.000000
NVIDIA A100-SXM4-40GB,1,0,circles_spatial3D,200,64000,40.000000,4.000000,75,1.000000,0.001998,64000.000000,10.000000
NVIDIA A100-SXM4-40GB,1,0,circles_spatial3D,200,64000,40.000000,4.000000,76,1.000000,0.001999,64000.000000,10.000000
NVIDIA A100-SXM4-40GB,1,0,circles_spatial3D,200,64000,40.000000,4.000000,77,1.000000,0.001989,64000.000000,10.000000
NVIDIA A100-SXM4-40GB,1,0,circles_spatial3D,200,64000,40.000000,4.000000,78,1.000000,0.001997,64000.000000,10.000000
NVIDIA A100-SXM4-40GB,1,0,circles_spatial3D,200,64000,40.000000,4.000000,79,1.000000,0.001990,64000.000000,10.000000
NVIDIA A100-SXM4-40GB,1,0,circles_spatial3D,200,64000,40.000000,4.000000,80,1.000000,0.002020,64000.000000,10.000000
NVIDIA A100-SXM4-40GB,1,0,circles_spatial3D,200,64000,40.000000,4.000000,81,1.000000,0.001990,64000.000000,10.000000
NVIDIA A100-SXM4-40GB,1,0,circles_spatial3D,200,64000,40.000000,4.000000,82,1.000000,0.001998,64000.000000,10.000000
NVIDIA A100-SXM4-40GB,1,0,circles_spatial3D,200,64000,40.000000,4.000000,83,1.000000,0.001991,64000.000000,10.000000
NVIDIA A100-SXM4-40GB,1,0,circles_spatial3D,200,64000,40.000000,4.000000,84,1.000000,0.002001,64000.000000,10.000000
NVIDIA A100-SXM4-40GB,1,0,circles_spatial3D,200,64000,40.000000,4.000000,85,1.000000,0.002002,64000.000000,10.000000
NVIDIA A100-SXM4-40GB,1,0,circles_spatial3D,200,64000,40.000000,4.000000,86,1.000000,0.002002,64000.000000,10.000000
NVIDIA A100-SXM4-40GB,1,0,circles_spatial3D,200,64000,40.000000,4.000000,87,1.000000,0.001993,64000.000000,10.000000
NVIDIA A100-SXM4-40GB,1,0,circles_spatial3D,200,64000,40.000000,4.000000,88,1.000000,0.002003,64000.000000,10.000000
NVIDIA A100-SXM4-40GB,1,0,circles_spatial3D,200,64000,40.000000,4.000000,89,1.000000,0.001995,64000.000000,10.000000
NVIDIA A100-SXM4-40GB,1,0,circles_spatial3D,200,64000,40.000000,4.000000,90,1.000000,0.002014,64000.000000,10.000000
NVIDIA A100-SXM4-40GB,1,0,circles_spatial3D,200,64000,40.000000,4.000000,91,1.000000,0.001993,64000.000000,10.000000
NVIDIA A100-SXM4-40GB,1,0,circles_spatial3D,200,64000,40.000000,4.000000,92,1.000000,0.002001,64000.000000,10.000000
NVIDIA A100-SXM4-40GB,1,0,circles_spatial3D,200,64000,40.000000,4.000000,93,1.000000,0.001993,64000.000000,10.000000
NVIDIA A100-SXM4-40GB,1,0,circles_spatial3D,200,64000,40.000000,4.000000,94,1.000000,0.002002,64000.000000,10.000000
NVIDIA A100-SXM4-40GB,1,0,circles_spatial3D,200,64000,40.000000,4.000000,95,1.000000,0.002001,64000.000000,10.000000
NVIDIA A100-SXM4-40GB,1,0,circles_spatial3D,200,64000,40.000000,4.000000,96,1.000000,0.002011,64000.000000,10.000000
NVIDIA A100-SXM4-40GB,1,0,circles_spatial3D,200,64000,40.000000,4.000000,97,1.000000,0.002004,64000.000000,10.000000
NVIDIA A100-SXM4-40GB,1,0,circles_spatial3D,200,64000,40.000000,4.000000,98,1.000000,0.002011,64000.000000,10.000000
NVIDIA A100-SXM4-40GB,1,0,circles_spatial3D,200,64000,40.000000,4.000000,99,1.000000,0.002005,64000.000000,10.000000
NVIDIA A100-SXM4-40GB,1,0,circles_spatial3D,200,64000,40.000000,4.000000,100,1.000000,0.002030,64000.000000,10.000000
NVIDIA A100-SXM4-40GB,1,0,circles_spatial3D,200,64000,40.000000,4.000000,101,1.000000,0.001991,64000.000000,10.000000
NVIDIA A100-SXM4-40GB,1,0,circles_spatial3D,200,64000,40.000000,4.000000,102,1.000000,0.001998,64000.000000,10.000000
NVIDIA A100-SXM4-40GB,1,0,circles_spatial3D,200,64000,40.000000,4.000000,103,1.000000,0.001988,64000.000000,10.000000
NVIDIA A100-SXM4-40GB,1,0,circles_spatial3D,200,64000,40.000000,4.000000,104,1.000000,0.001997,64000.000000,10.000000
NVIDIA A100-SXM4-40GB,1,0,circles_spatial3D,200,64000,40.000000,4.000000,105,1.000000,0.001996,64000.000000,10.000000
NVIDIA A100-SXM4-40GB,1,0,circles_spatial3D,200,64000,40.000000,4.000000,106,1.000000,0.002012,64000.000000,10.000000
NVIDIA A100-SXM4-40GB,1,0,circles_spatial3D,200,64000,40.000000,4.000000,107,1.000000,0.002004,64000.000000,10.000000
NVIDIA A100-SXM4-40GB,1,0,circles_spatial3D,200,64000,40.000000,4.000000,108,1.000000,0.002016,64000.000000,10.000000
NVIDIA A100-SXM4-40GB,1,0,circles_spatial3D,200,64000,40.000000,4.000000,109,1.000000,0.002009,64000.000000,10.000000
NVIDIA A100-SXM4-40GB,1,0,circles_spatial3D,200,64000,40.000000,4.000000,110,1.000000,0.002025,64000.000000,10.000000
NVIDIA A100-SXM4-40GB,1,0,circles_spatial3D,200,64000,40.000000,4.000000,111,1.000000,0.002003,64000.000000,10.000000
NVIDIA A100-SXM4-40GB,1,0,circles_spatial3D,200,64000,40.000000,4.000000,112,1.000000,0.002012,64000.000000,10.000000
NVIDIA A100-SXM4-40GB,1,0,circles_spatial3D,200,64000,40.000000,4.000000,113,1.000000,0.002006,64000.000000,10.000000
NVIDIA A100-SXM4-40GB,1,0,circles_spatial3D,200,64000,40.000000,4.000000,114,1.000000,0.002018,64000.000000,10.000000
NVIDIA A100-SXM4-40GB,1,0,circles_spatial3D,200,64000,40.000000,4.000000,115,1.000000,0.002011,64000.000000,10.000000
NVIDIA A100-SXM4-40GB,1,0,circles_spatial3D,200,64000,40.000000,4.000000,116,1.000000,0.002015,64000.000000,10.000000
NVIDIA A100-SXM4-40GB,1,0,circles_spatial3D,200,64000,40.000000,4.000000,117,1.000000,0.002008,64000.000000,10.000000
NVIDIA A100-SXM4-40GB,1,0,circles_spatial3D,200,64000,40.000000,4.000000,118,1.000000,0.002015,64000.000000,10.000000
NVIDIA A100-SXM4-40GB,1,0,circles_spatial3D,200,64000,40.000000,4.000000,119,1.000000,0.002009,64000.000000,10.000000
NVIDIA A100-SXM4-40GB,1,0,circles_spatial3D,200,64000,40.000000,4.000000,120,1.000000,0.002033,64000.000000,10.000000
NVIDIA A100-SXM4-40GB,1,0,circles_spatial3D,200,64000,40.000000,4.000000,121,1.000000,0.002009,64000.000000,10.000000
NVIDIA A100-SXM4-40GB,1,0,circles_spatial3D,200,64000,40.000000,4.000000,122,1.000000,0.002011,64000.000000,10.000000
NVIDIA A100-SXM4-40GB,1,0,circles_spatial3D,200,64000,40.000000,4.000000,123,1.000000,0.002008,64000.000000,10.000000
NVIDIA A100-SXM4-40GB,1,0,circles_spatial3D,200,64000,40.000000,4.000000,124,1.000000,0.002014,64000.000000,10.000000
NVIDIA A100-SXM4-40GB,1,0,circles_spatial3D,200,64000,40.000000,4.000000,125,1.000000,0.002014,64000.000000,10.000000
NVIDIA A100-SXM4-40GB,1,0,circles_spatial3D,200,64000,40.000000,4.000000,126,1.000000,0.002015,64000.000000,10.000000
NVIDIA A100-SXM4-40GB,1,0,circles_spatial3D,200,64000,40.000000,4.000000,127,1.000000,0.002009,64000.000000,10.000000
NVIDIA A100-SXM4-40GB,1,0,circles_spatial3D,200,64000,40.000000,4.000000,128,1.000000,0.002016,64000.000000,10.000000
NVIDIA A100-SXM4-40GB,1,0,circles_spatial3D,200,64000,40.000000,4.000000,129,1.000000,0.002010,64000.000000,10.000000
NVIDIA A100-SXM4-40GB,1,0,circles_spatial3D,200,64000,40.000000,4.000000,130,1.000000,0.002039,64000.000000,10.000000
NVIDIA A100-SXM4-40GB,1,0,circles_spatial3D,200,64000,40.000000,4.000000,131,1.000000,0.002016,64000.000000,10.000000
NVIDIA A100-SXM4-40GB,1,0,circles_spatial3D,200,64000,40.000000,4.000000,132,1.000000,0.002023,64000.000000,10.000000
NVIDIA A100-SXM4-40GB,1,0,circles_spatial3D,200,64000,40.000000,4.000000,133,1.000000,0.002015,64000.000000,10.000000
NVIDIA A100-SXM4-40GB,1,0,circles_spatial3D,200,64000,40.000000,4.000000,134,1.000000,0.002025,64000.000000,10.000000
NVIDIA A100-SXM4-40GB,1,0,circles_spatial3D,200,64000,40.000000,4.000000,135,1.000000,0.002025,64000.000000,10.000000
NVIDIA A100-SXM4-40GB,1,0,circles_spatial3D,200,64000,40.000000,4.000000,136,1.000000,0.002036,64000.000000,10.000000
NVIDIA A100-SXM4-40GB,1,0,circles_spatial3D,200,64000,40.000000,4.000000,137,1.000000,0.002029,64000.000000,10.000000
NVIDIA A100-SXM4-40GB,1,0,circles_spatial3D,200,64000,40.000000,4.000000,138,1.000000,0.002037,64000.000000,10.000000
NVIDIA A100-SXM4-40GB,1,0,circles_spatial3D,200,64000,40.000000,4.000000,139,1.000000,0.002036,64000.000000,10.000000
NVIDIA A100-SXM4-40GB,1,0,circles_spatial3D,200,64000,40.000000,4.000000,140,1.000000,0.002054,64000.000000,10.000000
NVIDIA A100-SXM4-40GB,1,0,circles_spatial3D,200,64000,40.000000,4.000000,141,1.000000,0.002027,64000.000000,10.000000
NVIDIA A100-SXM4-40GB,1,0,circles_spatial3D,200,64000,40.000000,4.000000,142,1.000000,0.002033,64000.000000,10.000000
NVIDIA A100-SXM4-40GB,1,0,circles_spatial3D,200,64000,40.000000,4.000000,143,1.000000,0.002025,64000.000000,10.000000
NVIDIA A100-SXM4-40GB,1,0,circles_spatial3D,200,64000,40.000000,4.000000,144,1.000000,0.002063,64000.000000,10.000000
NVIDIA A100-SXM4-40GB,1,0,circles_spatial3D,200,64000,40.000000,4.000000,145,1.000000,0.002061,64000.000000,10.000000
NVIDIA A100-SXM4-40GB,1,0,circles_spatial3D,200,64000,40.000000,4.000000,146,1.000000,0.002061,64000.000000,10.000000
NVIDIA A100-SXM4-40GB,1,0,circles_spatial3D,200,64000,40.000000,4.000000,147,1.000000,0.002052,64000.000000,10.000000
NVIDIA A100-SXM4-40GB,1,0,circles_spatial3D,200,64000,40.000000,4.000000,148,1.000000,0.002063,64000.000000,10.000000
NVIDIA A100-SXM4-40GB,1,0,circles_spatial3D,200,64000,40.000000,4.000000,149,1.000000,0.002055,64000.000000,10.000000
NVIDIA A100-SXM4-40GB,1,0,circles_spatial3D,200,64000,40.000000,4.000000,150,1.000000,0.002069,64000.000000,10.000000
NVIDIA A100-SXM4-40GB,1,0,circles_spatial3D,200,64000,40.000000,4.000000,151,1.000000,0.002040,64000.000000,10.000000
NVIDIA A100-SXM4-40GB,1,0,circles_spatial3D,200,64000,40.000000,4.000000,152,1.000000,0.002047,64000.000000,10.000000
NVIDIA A100-SXM4-40GB,1,0,circles_spatial3D,200,64000,40.000000,4.000000,153,1.000000,0.002041,64000.000000,10.000000
NVIDIA A100-SXM4-40GB,1,0,circles_spatial3D,200,64000,40.000000,4.000000,154,1.000000,0.002058,64000.000000,10.000000
NVIDIA A100-SXM4-40GB,1,0,circles_spatial3D,200,64000,40.000000,4.000000,155,1.000000,0.002075,64000.000000,10.000000
NVIDIA A100-SXM4-40GB,1,0,circles_spatial3D,200,64000,40.000000,4.000000,156,1.000000,0.002088,64000.000000,10.000000
NVIDIA A100-SXM4-40GB,1,0,circles_spatial3D,200,64000,40.000000,4.000000,157,1.000000,0.002080,64000.000000,10.000000
NVIDIA A100-SXM4-40GB,1,0,circles_spatial3D,200,64000,40.000000,4.000000,158,1.000000,0.002089,64000.000000,10.000000
NVIDIA A100-SXM4-40GB,1,0,circles_spatial3D,200,64000,40.000000,4.000000,159,1.000000,0.002084,64000.000000,10.000000
NVIDIA A100-SXM4-40GB,1,0,circles_spatial3D,200,64000,40.000000,4.000000,160,1.000000,0.002084,64000.000000,10.000000
NVIDIA A100-SXM4-40GB,1,0,circles_spatial3D,200,64000,40.000000,4.000000,161,1.000000,0.002061,64000.000000,10.000000
NVIDIA A100-SXM4-40GB,1,0,circles_spatial3D,200,64000,40.000000,4.000000,162,1.000000,0.002065,64000.000000,10.000000
NVIDIA A100-SXM4-40GB,1,0,circles_spatial3D,200,64000,40.000000,4.000000,163,1.000000,0.002060,64000.000000,10.000000
NVIDIA A100-SXM4-40GB,1,0,circles_spatial3D,200,64000,40.000000,4.000000,164,1.000000,0.002074,64000.000000,10.000000
NVIDIA A100-SXM4-40GB,1,0,circles_spatial3D,200,64000,40.000000,4.000000,165,1.000000,0.002066,64000.000000,10.000000
NVIDIA A100-SXM4-40GB,1,0,circles_spatial3D,200,64000,40.000000,4.000000,166,1.000000,0.002070,64000.000000,10.000000
NVIDIA A100-SXM4-40GB,1,0,circles_spatial3D,200,64000,40.000000,4.000000,167,1.000000,0.002064,64000.000000,10.000000
NVIDIA A100-SXM4-40GB,1,0,circles_spatial3D,200,64000,40.000000,4.000000,168,1.000000,0.002069,64000.000000,10.000000
NVIDIA A100-SXM4-40GB,1,0,circles_spatial3D,200,64000,40.000000,4.000000,169,1.000000,0.002083,64000.000000,10.000000
NVIDIA A100-SXM4-40GB,1,0,circles_spatial3D,200,64000,40.000000,4.000000,170,1.000000,0.002090,64000.000000,10.000000
NVIDIA A100-SXM4-40GB,1,0,circles_spatial3D,200,64000,40.000000,4.000000,171,1.000000,0.002069,64000.000000,10.000000
NVIDIA A100-SXM4-40GB,1,0,circles_spatial3D,200,64000,40.000000,4.000000,172,1.000000,0.002094,64000.000000,10.000000
NVIDIA A100-SXM4-40GB,1,0,circles_spatial3D,200,64000,40.000000,4.000000,173,1.000000,0.002100,64000.000000,10.000000
NVIDIA A100-SXM4-40GB,1,0,circles_spatial3D,200,64000,40.000000,4.000000,174,1.000000,0.002104,64000.000000,10.000000
NVIDIA A100-SXM4-40GB,1,0,circles_spatial3D,200,64000,40.000000,4.000000,175,1.000000,0.002094,64000.000000,10.000000
NVIDIA A100-SXM4-40GB,1,0,circles_spatial3D,200,64000,40.000000,4.000000,176,1.000000,0.002095,64000.000000,10.000000
NVIDIA A100-SXM4-40GB,1,0,circles_spatial3D,200,64000,40.000000,4.000000,177,1.000000,0.002090,64000.000000,10.000000
NVIDIA A100-SXM4-40GB,1,0,circles_spatial3D,200,64000,40.000000,4.000000,178,1.000000,0.002101,64000.000000,10.000000
NVIDIA A100-SXM4-40GB,1,0,circles_spatial3D,200,64000,40.000000,4.000000,179,1.000000,0.002101,64000.000000,10.000000
NVIDIA A100-SXM4-40GB,1,0,circles_spatial3D,200,64000,40.000000,4.000000,180,1.000000,0.002103,64000.000000,10.000000
NVIDIA A100-SXM4-40GB,1,0,circles_spatial3D,200,64000,40.000000,4.000000,181,1.000000,0.002078,64000.000000,10.000000
NVIDIA A100-SXM4-40GB,1,0,circles_spatial3D,200,64000,40.000000,4.000000,182,1.000000,0.002104,64000.000000,10.000000
NVIDIA A100-SXM4-40GB,1,0,circles_spatial3D,200,64000,40.000000,4.000000,183,1.000000,0.002104,64000.000000,10.000000
NVIDIA A100-SXM4-40GB,1,0,circles_spatial3D,200,64000,40.000000,4.000000,184,1.000000,0.002111,64000.000000,10.000000
NVIDIA A100-SXM4-40GB,1,0,circles_spatial3D,200,64000,40.000000,4.000000,185,1.000000,0.002103,64000.000000,10.000000
NVIDIA A100-SXM4-40GB,1,0,circles_spatial3D,200,64000,40.000000,4.000000,186,1.000000,0.002102,64000.000000,10.000000
NVIDIA A100-SXM4-40GB,1,0,circles_spatial3D,200,64000,40.000000,4.000000,187,1.000000,0.002098,64000.000000,10.000000
NVIDIA A100-SXM4-40GB,1,0,circles_spatial3D,200,64000,40.000000,4.000000,188,1.000000,0.002102,64000.000000,10.000000
NVIDIA A100-SXM4-40GB,1,0,circles_spatial3D,200,64000,40.000000,4.000000,189,1.000000,0.002109,64000.000000,10.000000
NVIDIA A100-SXM4-40GB,1,0,circles_spatial3D,200,64000,40.000000,4.000000,190,1.000000,0.002113,64000.000000,10.000000
NVIDIA A100-SXM4-40GB,1,0,circles_spatial3D,200,64000,40.000000,4.000000,191,1.000000,0.002091,64000.000000,10.000000
NVIDIA A100-SXM4-40GB,1,0,circles_spatial3D,200,64000,40.000000,4.000000,192,1.000000,0.002097,64000.000000,10.000000
NVIDIA A100-SXM4-40GB,1,0,circles_spatial3D,200,64000,40.000000,4.000000,193,1.000000,0.002090,64000.000000,10.000000
NVIDIA A100-SXM4-40GB,1,0,circles_spatial3D,200,64000,40.000000,4.000000,194,1.000000,0.002099,64000.000000,10.000000
NVIDIA A100-SXM4-40GB,1,0,circles_spatial3D,200,64000,40.000000,4.000000,195,1.000000,0.002120,64000.000000,10.000000
NVIDIA A100-SXM4-40GB,1,0,circles_spatial3D,200,64000,40.000000,4.000000,196,1.000000,0.002120,64000.000000,10.000000
NVIDIA A100-SXM4-40GB,1,0,circles_spatial3D,200,64000,40.000000,4.000000,197,1.000000,0.002123,64000.000000,10.000000
NVIDIA A100-SXM4-40GB,1,0,circles_spatial3D,200,64000,40.000000,4.000000,198,1.000000,0.002127,64000.000000,10.000000
NVIDIA A100-SXM4-40GB,1,0,circles_spatial3D,200,64000,40.000000,4.000000,199,1.000000,0.002124,64000.000000,10.000000
NVIDIA A100-SXM4-40GB,1,0,circles_spatial3D,200,64000,40.000000,6.000000,0,1.000000,0.006394,64000.000000,15.000000
NVIDIA A100-SXM4-40GB,1,0,circles_spatial3D,200,64000,40.000000,6.000000,1,1.000000,0.005088,64000.000000,15.000000
NVIDIA A100-SXM4-40GB,1,0,circles_spatial3D,200,64000,40.000000,6.000000,2,1.000000,0.005088,64000.000000,15.000000
NVIDIA A100-SXM4-40GB,1,0,circles_spatial3D,200,64000,40.000000,6.000000,3,1.000000,0.005086,64000.000000,15.000000
NVIDIA A100-SXM4-40GB,1,0,circles_spatial3D,200,64000,40.000000,6.000000,4,1.000000,0.005094,64000.000000,15.000000
NVIDIA A100-SXM4-40GB,1,0,circles_spatial3D,200,64000,40.000000,6.000000,5,1.000000,0.005085,64000.000000,15.000000
NVIDIA A100-SXM4-40GB,1,0,circles_spatial3D,200,64000,40.000000,6.000000,6,1.000000,0.005103,64000.000000,15.000000
NVIDIA A100-SXM4-40GB,1,0,circles_spatial3D,200,64000,40.000000,6.000000,7,1.000000,0.005086,64000.000000,15.000000
NVIDIA A100-SXM4-40GB,1,0,circles_spatial3D,200,64000,40.000000,6.000000,8,1.000000,0.005092,64000.000000,15.000000
NVIDIA A100-SXM4-40GB,1,0,circles_spatial3D,200,64000,40.000000,6.000000,9,1.000000,0.005083,64000.000000,15.000000
NVIDIA A100-SXM4-40GB,1,0,circles_spatial3D,200,64000,40.000000,6.000000,10,1.000000,0.005108,64000.000000,15.000000
NVIDIA A100-SXM4-40GB,1,0,circles_spatial3D,200,64000,40.000000,6.000000,11,1.000000,0.005090,64000.000000,15.000000
NVIDIA A100-SXM4-40GB,1,0,circles_spatial3D,200,64000,40.000000,6.000000,12,1.000000,0.005096,64000.000000,15.000000
NVIDIA A100-SXM4-40GB,1,0,circles_spatial3D,200,64000,40.000000,6.000000,13,1.000000,0.005092,64000.000000,15.000000
NVIDIA A100-SXM4-40GB,1,0,circles_spatial3D,200,64000,40.000000,6.000000,14,1.000000,0.005100,64000.000000,15.000000
NVIDIA A100-SXM4-40GB,1,0,circles_spatial3D,200,64000,40.000000,6.000000,15,1.000000,0.005094,64000.000000,15.000000
NVIDIA A100-SXM4-40GB,1,0,circles_spatial3D,200,64000,40.000000,6.000000,16,1.000000,0.005099,64000.000000,15.000000
NVIDIA A100-SXM4-40GB,1,0,circles_spatial3D,200,64000,40.000000,6.000000,17,1.000000,0.005090,64000.000000,15.000000
NVIDIA A100-SXM4-40GB,1,0,circles_spatial3D,200,64000,40.000000,6.000000,18,1.000000,0.005108,64000.000000,15.000000
NVIDIA A100-SXM4-40GB,1,0,circles_spatial3D,200,64000,40.000000,6.000000,19,1.000000,0.005089,64000.000000,15.000000
NVIDIA A100-SXM4-40GB,1,0,circles_spatial3D,200,64000,40.000000,6.000000,20,1.000000,0.005170,64000.000000,15.000000
NVIDIA A100-SXM4-40GB,1,0,circles_spatial3D,200,64000,40.000000,6.000000,21,1.000000,0.005138,64000.000000,15.000000
NVIDIA A100-SXM4-40GB,1,0,circles_spatial3D,200,64000,40.000000,6.000000,22,1.000000,0.005148,64000.000000,15.000000
NVIDIA A100-SXM4-40GB,1,0,circles_spatial3D,200,64000,40.000000,6.000000,23,1.000000,0.005139,64000.000000,15.000000
NVIDIA A100-SXM4-40GB,1,0,circles_spatial3D,200,64000,40.000000,6.000000,24,1.000000,0.005149,64000.000000,15.000000
NVIDIA A100-SXM4-40GB,1,0,circles_spatial3D,200,64000,40.000000,6.000000,25,1.000000,0.005158,64000.000000,15.000000
NVIDIA A100-SXM4-40GB,1,0,circles_spatial3D,200,64000,40.000000,6.000000,26,1.000000,0.005138,64000.000000,15.000000
NVIDIA A100-SXM4-40GB,1,0,circles_spatial3D,200,64000,40.000000,6.000000,27,1.000000,0.005133,64000.000000,15.000000
NVIDIA A100-SXM4-40GB,1,0,circles_spatial3D,200,64000,40.000000,6.000000,28,1.000000,0.005142,64000.000000,15.000000
NVIDIA A100-SXM4-40GB,1,0,circles_spatial3D,200,64000,40.000000,6.000000,29,1.000000,0.005139,64000.000000,15.000000
NVIDIA A100-SXM4-40GB,1,0,circles_spatial3D,200,64000,40.000000,6.000000,30,1.000000,0.005181,64000.000000,15.000000
NVIDIA A100-SXM4-40GB,1,0,circles_spatial3D,200,64000,40.000000,6.000000,31,1.000000,0.005151,64000.000000,15.000000
NVIDIA A100-SXM4-40GB,1,0,circles_spatial3D,200,64000,40.000000,6.000000,32,1.000000,0.005159,64000.000000,15.000000
NVIDIA A100-SXM4-40GB,1,0,circles_spatial3D,200,64000,40.000000,6.000000,33,1.000000,0.005163,64000.000000,15.000000
NVIDIA A100-SXM4-40GB,1,0,circles_spatial3D,200,64000,40.000000,6.000000,34,1.000000,0.005167,64000.000000,15.000000
NVIDIA A100-SXM4-40GB,1,0,circles_spatial3D,200,64000,40.000000,6.000000,35,1.000000,0.005169,64000.000000,15.000000
NVIDIA A100-SXM4-40GB,1,0,circles_spatial3D,200,64000,40.000000,6.000000,36,1.000000,0.005169,64000.000000,15.000000
NVIDIA A100-SXM4-40GB,1,0,circles_spatial3D,200,64000,40.000000,6.000000,37,1.000000,0.005166,64000.000000,15.000000
NVIDIA A100-SXM4-40GB,1,0,circles_spatial3D,200,64000,40.000000,6.000000,38,1.000000,0.005166,64000.000000,15.000000
NVIDIA A100-SXM4-40GB,1,0,circles_spatial3D,200,64000,40.000000,6.000000,39,1.000000,0.005156,64000.000000,15.000000
NVIDIA A100-SXM4-40GB,1,0,circles_spatial3D,200,64000,40.000000,6.000000,40,1.000000,0.005180,64000.000000,15.000000
NVIDIA A100-SXM4-40GB,1,0,circles_spatial3D,200,64000,40.000000,6.000000,41,1.000000,0.005158,64000.000000,15.000000
NVIDIA A100-SXM4-40GB,1,0,circles_spatial3D,200,64000,40.000000,6.000000,42,1.000000,0.005170,64000.000000,15.000000
NVIDIA A100-SXM4-40GB,1,0,circles_spatial3D,200,64000,40.000000,6.000000,43,1.000000,0.005161,64000.000000,15.000000
NVIDIA A100-SXM4-40GB,1,0,circles_spatial3D,200,64000,40.000000,6.000000,44,1.000000,0.005169,64000.000000,15.000000
NVIDIA A100-SXM4-40GB,1,0,circles_spatial3D,200,64000,40.000000,6.000000,45,1.000000,0.005172,64000.000000,15.000000
NVIDIA A100-SXM4-40GB,1,0,circles_spatial3D,200,64000,40.000000,6.000000,46,1.000000,0.005175,64000.000000,15.000000
NVIDIA A100-SXM4-40GB,1,0,circles_spatial3D,200,64000,40.000000,6.000000,47,1.000000,0.005168,64000.000000,15.000000
NVIDIA A100-SXM4-40GB,1,0,circles_spatial3D,200,64000,40.000000,6.000000,48,1.000000,0.005172,64000.000000,15.000000
NVIDIA A100-SXM4-40GB,1,0,circles_spatial3D,200,64000,40.000000,6.000000,49,1.000000,0.005172,64000.000000,15.000000
NVIDIA A100-SXM4-40GB,1,0,circles_spatial3D,200,64000,40.000000,6.000000,50,1.000000,0.005188,64000.000000,15.000000
NVIDIA A100-SXM4-40GB,1,0,circles_spatial3D,200,64000,40.000000,6.000000,51,1.000000,0.005161,64000.000000,15.000000
NVIDIA A100-SXM4-40GB,1,0,circles_spatial3D,200,64000,40.000000,6.000000,52,1.000000,0.005167,64000.000000,15.000000
NVIDIA A100-SXM4-40GB,1,0,circles_spatial3D,200,64000,40.000000,6.000000,53,1.000000,0.005163,64000.000000,15.000000
NVIDIA A100-SXM4-40GB,1,0,circles_spatial3D,200,64000,40.000000,6.000000,54,1.000000,0.005169,64000.000000,15.000000
NVIDIA A100-SXM4-40GB,1,0,circles_spatial3D,200,64000,40.000000,6.000000,55,1.000000,0.005186,64000.000000,15.000000
NVIDIA A100-SXM4-40GB,1,0,circles_spatial3D,200,64000,40.000000,6.000000,56,1.000000,0.005178,64000.000000,15.000000
NVIDIA A100-SXM4-40GB,1,0,circles_spatial3D,200,64000,40.000000,6.000000,57,1.000000,0.005168,64000.000000,15.000000
NVIDIA A100-SXM4-40GB,1,0,circles_spatial3D,200,64000,40.000000,6.000000,58,1.000000,0.005174,64000.000000,15.000000
NVIDIA A100-SXM4-40GB,1,0,circles_spatial3D,200,64000,40.000000,6.000000,59,1.000000,0.005169,64000.000000,15.000000
NVIDIA A100-SXM4-40GB,1,0,circles_spatial3D,200,64000,40.000000,6.000000,60,1.000000,0.005205,64000.000000,15.000000
NVIDIA A100-SXM4-40GB,1,0,circles_spatial3D,200,64000,40.000000,6.000000,61,1.000000,0.005172,64000.000000,15.000000
NVIDIA A100-SXM4-40GB,1,0,circles_spatial3D,200,64000,40.000000,6.000000,62,1.000000,0.005180,64000.000000,15.000000
NVIDIA A100-SXM4-40GB,1,0,circles_spatial3D,200,64000,40.000000,6.000000,63,1.000000,0.005172,64000.000000,15.000000
NVIDIA A100-SXM4-40GB,1,0,circles_spatial3D,200,64000,40.000000,6.000000,64,1.000000,0.005183,64000.000000,15.000000
NVIDIA A100-SXM4-40GB,1,0,circles_spatial3D,200,64000,40.000000,6.000000,65,1.000000,0.005188,64000.000000,15.000000
NVIDIA A100-SXM4-40GB,1,0,circles_spatial3D,200,64000,40.000000,6.000000,66,1.000000,0.005186,64000.000000,15.000000
NVIDIA A100-SXM4-40GB,1,0,circles_spatial3D,200,64000,40.000000,6.000000,67,1.000000,0.005175,64000.000000,15.000000
NVIDIA A100-SXM4-40GB,1,0,circles_spatial3D,200,64000,40.000000,6.000000,68,1.000000,0.005180,64000.000000,15.000000
NVIDIA A100-SXM4-40GB,1,0,circles_spatial3D,200,64000,40.000000,6.000000,69,1.000000,0.005175,64000.000000,15.000000
NVIDIA A100-SXM4-40GB,1,0,circles_spatial3D,200,64000,40.000000,6.000000,70,1.000000,0.005204,64000.000000,15.000000
NVIDIA A100-SXM4-40GB,1,0,circles_spatial3D,200,64000,40.000000,6.000000,71,1.000000,0.005191,64000.000000,15.000000
NVIDIA A100-SXM4-40GB,1,0,circles_spatial3D,200,64000,40.000000,6.000000,72,1.000000,0.005192,64000.000000,15.000000
NVIDIA A100-SXM4-40GB,1,0,circles_spatial3D,200,64000,40.000000,6.000000,73,1.000000,0.005180,64000.000000,15.000000
NVIDIA A100-SXM4-40GB,1,0,circles_spatial3D,200,64000,40.000000,6.000000,74,1.000000,0.005191,64000.000000,15.000000
NVIDIA A100-SXM4-40GB,1,0,circles_spatial3D,200,64000,40.000000,6.000000,75,1.000000,0.005192,64000.000000,15.000000
NVIDIA A100-SXM4-40GB,1,0,circles_spatial3D,200,64000,40.000000,6.000000,76,1.000000,0.005192,64000.000000,15.000000
NVIDIA A100-SXM4-40GB,1,0,circles_spatial3D,200,64000,40.000000,6.000000,77,1.000000,0.005185,64000.000000,15.000000
NVIDIA A100-SXM4-40GB,1,0,circles_spatial3D,200,64000,40.000000,6.000000,78,1.000000,0.005190,64000.000000,15.000000
NVIDIA A100-SXM4-40GB,1,0,circles_spatial3D,200,64000,40.000000,6.000000,79,1.000000,0.005189,64000.000000,15.000000
NVIDIA A100-SXM4-40GB,1,0,circles_spatial3D,200,64000,40.000000,6.000000,80,1.000000,0.005220,64000.000000,15.000000
NVIDIA A100-SXM4-40GB,1,0,circles_spatial3D,200,64000,40.000000,6.000000,81,1.000000,0.005184,64000.000000,15.000000
NVIDIA A100-SXM4-40GB,1,0,circles_spatial3D,200,64000,40.000000,6.000000,82,1.000000,0.005194,64000.000000,15.000000
NVIDIA A100-SXM4-40GB,1,0,circles_spatial3D,200,64000,40.000000,6.000000,83,1.000000,0.005192,64000.000000,15.000000
NVIDIA A100-SXM4-40GB,1,0,circles_spatial3D,200,64000,40.000000,6.000000,84,1.000000,0.005205,64000.000000,15.000000
NVIDIA A100-SXM4-40GB,1,0,circles_spatial3D,200,64000,40.000000,6.000000,85,1.000000,0.005205,64000.000000,15.000000
NVIDIA A100-SXM4-40GB,1,0,circles_spatial3D,200,64000,40.000000,6.000000,86,1.000000,0.005199,64000.000000,15.000000
NVIDIA A100-SXM4-40GB,1,0,circles_spatial3D,200,64000,40.000000,6.000000,87,1.000000,0.005197,64000.000000,15.000000
NVIDIA A100-SXM4-40GB,1,0,circles_spatial3D,200,64000,40.000000,6.000000,88,1.000000,0.005206,64000.000000,15.000000
NVIDIA A100-SXM4-40GB,1,0,circles_spatial3D,200,64000,40.000000,6.000000,89,1.000000,0.005207,64000.000000,15.000000
NVIDIA A100-SXM4-40GB,1,0,circles_spatial3D,200,64000,40.000000,6.000000,90,1.000000,0.005217,64000.000000,15.000000
NVIDIA A100-SXM4-40GB,1,0,circles_spatial3D,200,64000,40.000000,6.000000,91,1.000000,0.005194,64000.000000,15.000000
NVIDIA A100-SXM4-40GB,1,0,circles_spatial3D,200,64000,40.000000,6.000000,92,1.000000,0.005171,64000.000000,15.000000
NVIDIA A100-SXM4-40GB,1,0,circles_spatial3D,200,64000,40.000000,6.000000,93,1.000000,0.005166,64000.000000,15.000000
NVIDIA A100-SXM4-40GB,1,0,circles_spatial3D,200,64000,40.000000,6.000000,94,1.000000,0.005176,64000.000000,15.000000
NVIDIA A100-SXM4-40GB,1,0,circles_spatial3D,200,64000,40.000000,6.000000,95,1.000000,0.005170,64000.000000,15.000000
NVIDIA A100-SXM4-40GB,1,0,circles_spatial3D,200,64000,40.000000,6.000000,96,1.000000,0.005177,64000.000000,15.000000
NVIDIA A100-SXM4-40GB,1,0,circles_spatial3D,200,64000,40.000000,6.000000,97,1.000000,0.005170,64000.000000,15.000000
NVIDIA A100-SXM4-40GB,1,0,circles_spatial3D,200,64000,40.000000,6.000000,98,1.000000,0.005173,64000.000000,15.000000
NVIDIA A100-SXM4-40GB,1,0,circles_spatial3D,200,64000,40.000000,6.000000,99,1.000000,0.005176,64000.000000,15.000000
NVIDIA A100-SXM4-40GB,1,0,circles_spatial3D,200,64000,40.000000,6.000000,100,1.000000,0.005216,64000.000000,15.000000
NVIDIA A100-SXM4-40GB,1,0,circles_spatial3D,200,64000,40.000000,6.000000,101,1.000000,0.005175,64000.000000,15.000000
NVIDIA A100-SXM4-40GB,1,0,circles_spatial3D,200,64000,40.000000,6.000000,102,1.000000,0.005176,64000.000000,15.000000
NVIDIA A100-SXM4-40GB,1,0,circles_spatial3D,200,64000,40.000000,6.000000,103,1.000000,0.005168,64000.000000,15.000000
NVIDIA A100-SXM4-40GB,1,0,circles_spatial3D,200,64000,40.000000,6.000000,104,1.000000,0.005180,64000.000000,15.000000
NVIDIA A100-SXM4-40GB,1,0,circles_spatial3D,200,64000,40.000000,6.000000,105,1.000000,0.005180,64000.000000,15.000000
NVIDIA A100-SXM4-40GB,1,0,circles_spatial3D,200,64000,40.000000,6.000000,106,1.000000,0.005183,64000.000000,15.000000
NVIDIA A100-SXM4-40GB,1,0,circles_spatial3D,200,64000,40.000000,6.000000,107,1.000000,0.005172,64000.000000,15.000000
NVIDIA A100-SXM4-40GB,1,0,circles_spatial3D,200,64000,40.000000,6.000000,108,1.000000,0.005177,64000.000000,15.000000
NVIDIA A100-SXM4-40GB,1,0,circles_spatial3D,200,64000,40.000000,6.000000,109,1.000000,0.005180,64000.000000,15.000000
NVIDIA A100-SXM4-40GB,1,0,circles_spatial3D,200,64000,40.000000,6.000000,110,1.000000,0.005203,64000.000000,15.000000
NVIDIA A100-SXM4-40GB,1,0,circles_spatial3D,200,64000,40.000000,6.000000,111,1.000000,0.005166,64000.000000,15.000000
NVIDIA A100-SXM4-40GB,1,0,circles_spatial3D,200,64000,40.000000,6.000000,112,1.000000,0.005176,64000.000000,15.000000
NVIDIA A100-SXM4-40GB,1,0,circles_spatial3D,200,64000,40.000000,6.000000,113,1.000000,0.005171,64000.000000,15.000000
NVIDIA A100-SXM4-40GB,1,0,circles_spatial3D,200,64000,40.000000,6.000000,114,1.000000,0.005172,64000.000000,15.000000
NVIDIA A100-SXM4-40GB,1,0,circles_spatial3D,200,64000,40.000000,6.000000,115,1.000000,0.005173,64000.000000,15.000000
NVIDIA A100-SXM4-40GB,1,0,circles_spatial3D,200,64000,40.000000,6.000000,116,1.000000,0.005176,64000.000000,15.000000
NVIDIA A100-SXM4-40GB,1,0,circles_spatial3D,200,64000,40.000000,6.000000,117,1.000000,0.005163,64000.000000,15.000000
NVIDIA A100-SXM4-40GB,1,0,circles_spatial3D,200,64000,40.000000,6.000000,118,1.000000,0.005169,64000.000000,15.000000
NVIDIA A100-SXM4-40GB,1,0,circles_spatial3D,200,64000,40.000000,6.000000,119,1.000000,0.005165,64000.000000,15.000000
NVIDIA A100-SXM4-40GB,1,0,circles_spatial3D,200,64000,40.000000,6.000000,120,1.000000,0.005195,64000.000000,15.000000
NVIDIA A100-SXM4-40GB,1,0,circles_spatial3D,200,64000,40.000000,6.000000,121,1.000000,0.005161,64000.000000,15.000000
NVIDIA A100-SXM4-40GB,1,0,circles_spatial3D,200,64000,40.000000,6.000000,122,1.000000,0.005176,64000.000000,15.000000
NVIDIA A100-SXM4-40GB,1,0,circles_spatial3D,200,64000,40.000000,6.000000,123,1.000000,0.005167,64000.000000,15.000000
NVIDIA A100-SXM4-40GB,1,0,circles_spatial3D,200,64000,40.000000,6.000000,124,1.000000,0.005175,64000.000000,15.000000
NVIDIA A100-SXM4-40GB,1,0,circles_spatial3D,200,64000,40.000000,6.000000,125,1.000000,0.005181,64000.000000,15.000000
NVIDIA A100-SXM4-40GB,1,0,circles_spatial3D,200,64000,40.000000,6.000000,126,1.000000,0.005168,64000.000000,15.000000
NVIDIA A100-SXM4-40GB,1,0,circles_spatial3D,200,64000,40.000000,6.000000,127,1.000000,0.005169,64000.000000,15.000000
NVIDIA A100-SXM4-40GB,1,0,circles_spatial3D,200,64000,40.000000,6.000000,128,1.000000,0.005181,64000.000000,15.000000
NVIDIA A100-SXM4-40GB,1,0,circles_spatial3D,200,64000,40.000000,6.000000,129,1.000000,0.005172,64000.000000,15.000000
NVIDIA A100-SXM4-40GB,1,0,circles_spatial3D,200,64000,40.000000,6.000000,130,1.000000,0.005198,64000.000000,15.000000
NVIDIA A100-SXM4-40GB,1,0,circles_spatial3D,200,64000,40.000000,6.000000,131,1.000000,0.005171,64000.000000,15.000000
NVIDIA A100-SXM4-40GB,1,0,circles_spatial3D,200,64000,40.000000,6.000000,132,1.000000,0.005180,64000.000000,15.000000
NVIDIA A100-SXM4-40GB,1,0,circles_spatial3D,200,64000,40.000000,6.000000,133,1.000000,0.005171,64000.000000,15.000000
NVIDIA A100-SXM4-40GB,1,0,circles_spatial3D,200,64000,40.000000,6.000000,134,1.000000,0.005181,64000.000000,15.000000
NVIDIA A100-SXM4-40GB,1,0,circles_spatial3D,200,64000,40.000000,6.000000,135,1.000000,0.005175,64000.000000,15.000000
NVIDIA A100-SXM4-40GB,1,0,circles_spatial3D,200,64000,40.000000,6.000000,136,1.000000,0.005184,64000.000000,15.000000
NVIDIA A100-SXM4-40GB,1,0,circles_spatial3D,200,64000,40.000000,6.000000,137,1.000000,0.005184,64000.000000,15.000000
NVIDIA A100-SXM4-40GB,1,0,circles_spatial3D,200,64000,40.000000,6.000000,138,1.000000,0.005185,64000.000000,15.000000
NVIDIA A100-SXM4-40GB,1,0,circles_spatial3D,200,64000,40.000000,6.000000,139,1.000000,0.005196,64000.000000,15.000000
NVIDIA A100-SXM4-40GB,1,0,circles_spatial3D,200,64000,40.000000,6.000000,140,1.000000,0.005211,64000.000000,15.000000
NVIDIA A100-SXM4-40GB,1,0,circles_spatial3D,200,64000,40.000000,6.000000,141,1.000000,0.005185,64000.000000,15.000000
NVIDIA A100-SXM4-40GB,1,0,circles_spatial3D,200,64000,40.000000,6.000000,142,1.000000,0.005181,64000.000000,15.000000
NVIDIA A100-SXM4-40GB,1,0,circles_spatial3D,200,64000,40.000000,6.000000,143,1.000000,0.005182,64000.000000,15.000000
NVIDIA A100-SXM4-40GB,1,0,circles_spatial3D,200,64000,40.000000,6.000000,144,1.000000,0.005193,64000.000000,15.000000
NVIDIA A100-SXM4-40GB,1,0,circles_spatial3D,200,64000,40.000000,6.000000,145,1.000000,0.005182,64000.000000,15.000000
NVIDIA A100-SXM4-40GB,1,0,circles_spatial3D,200,64000,40.000000,6.000000,146,1.000000,0.005181,64000.000000,15.000000
NVIDIA A100-SXM4-40GB,1,0,circles_spatial3D,200,64000,40.000000,6.000000,147,1.000000,0.005174,64000.000000,15.000000
NVIDIA A100-SXM4-40GB,1,0,circles_spatial3D,200,64000,40.000000,6.000000,148,1.000000,0.005180,64000.000000,15.000000
NVIDIA A100-SXM4-40GB,1,0,circles_spatial3D,200,64000,40.000000,6.000000,149,1.000000,0.005176,64000.000000,15.000000
NVIDIA A100-SXM4-40GB,1,0,circles_spatial3D,200,64000,40.000000,6.000000,150,1.000000,0.005205,64000.000000,15.000000
NVIDIA A100-SXM4-40GB,1,0,circles_spatial3D,200,64000,40.000000,6.000000,151,1.000000,0.005175,64000.000000,15.000000
NVIDIA A100-SXM4-40GB,1,0,circles_spatial3D,200,64000,40.000000,6.000000,152,1.000000,0.005188,64000.000000,15.000000
NVIDIA A100-SXM4-40GB,1,0,circles_spatial3D,200,64000,40.000000,6.000000,153,1.000000,0.005176,64000.000000,15.000000
NVIDIA A100-SXM4-40GB,1,0,circles_spatial3D,200,64000,40.000000,6.000000,154,1.000000,0.005188,64000.000000,15.000000
NVIDIA A100-SXM4-40GB,1,0,circles_spatial3D,200,64000,40.000000,6.000000,155,1.000000,0.005191,64000.000000,15.000000
NVIDIA A100-SXM4-40GB,1,0,circles_spatial3D,200,64000,40.000000,6.000000,156,1.000000,0.005184,64000.000000,15.000000
NVIDIA A100-SXM4-40GB,1,0,circles_spatial3D,200,64000,40.000000,6.000000,157,1.000000,0.005178,64000.000000,15.000000
NVIDIA A100-SXM4-40GB,1,0,circles_spatial3D,200,64000,40.000000,6.000000,158,1.000000,0.005190,64000.000000,15.000000
NVIDIA A100-SXM4-40GB,1,0,circles_spatial3D,200,64000,40.000000,6.000000,159,1.000000,0.005175,64000.000000,15.000000
NVIDIA A100-SXM4-40GB,1,0,circles_spatial3D,200,64000,40.000000,6.000000,160,1.000000,0.005219,64000.000000,15.000000
NVIDIA A100-SXM4-40GB,1,0,circles_spatial3D,200,64000,40.000000,6.000000,161,1.000000,0.005179,64000.000000,15.000000
NVIDIA A100-SXM4-40GB,1,0,circles_spatial3D,200,64000,40.000000,6.000000,162,1.000000,0.005191,64000.000000,15.000000
NVIDIA A100-SXM4-40GB,1,0,circles_spatial3D,200,64000,40.000000,6.000000,163,1.000000,0.005185,64000.000000,15.000000
NVIDIA A100-SXM4-40GB,1,0,circles_spatial3D,200,64000,40.000000,6.000000,164,1.000000,0.005208,64000.000000,15.000000
NVIDIA A100-SXM4-40GB,1,0,circles_spatial3D,200,64000,40.000000,6.000000,165,1.000000,0.005199,64000.000000,15.000000
NVIDIA A100-SXM4-40GB,1,0,circles_spatial3D,200,64000,40.000000,6.000000,166,1.000000,0.005212,64000.000000,15.000000
NVIDIA A100-SXM4-40GB,1,0,circles_spatial3D,200,64000,40.000000,6.000000,167,1.000000,0.005193,64000.000000,15.000000
NVIDIA A100-SXM4-40GB,1,0,circles_spatial3D,200,64000,40.000000,6.000000,168,1.000000,0.005201,64000.000000,15.000000
NVIDIA A100-SXM4-40GB,1,0,circles_spatial3D,200,64000,40.000000,6.000000,169,1.000000,0.005196,64000.000000,15.000000
NVIDIA A100-SXM4-40GB,1,0,circles_spatial3D,200,64000,40.000000,6.000000,170,1.000000,0.005208,64000.000000,15.000000
NVIDIA A100-SXM4-40GB,1,0,circles_spatial3D,200,64000,40.000000,6.000000,171,1.000000,0.005187,64000.000000,15.000000
NVIDIA A100-SXM4-40GB,1,0,circles_spatial3D,200,64000,40.000000,6.000000,172,1.000000,0.005199,64000.000000,15.000000
NVIDIA A100-SXM4-40GB,1,0,circles_spatial3D,200,64000,40.000000,6.000000,173,1.000000,0.005198,64000.000000,15.000000
NVIDIA A100-SXM4-40GB,1,0,circles_spatial3D,200,64000,40.000000,6.000000,174,1.000000,0.005202,64000.000000,15.000000
NVIDIA A100-SXM4-40GB,1,0,circles_spatial3D,200,64000,40.000000,6.000000,175,1.000000,0.005200,64000.000000,15.000000
NVIDIA A100-SXM4-40GB,1,0,circles_spatial3D,200,64000,40.000000,6.000000,176,1.000000,0.005207,64000.000000,15.000000
NVIDIA A100-SXM4-40GB,1,0,circles_spatial3D,200,64000,40.000000,6.000000,177,1.000000,0.005237,64000.000000,15.000000
NVIDIA A100-SXM4-40GB,1,0,circles_spatial3D,200,64000,40.000000,6.000000,178,1.000000,0.005201,64000.000000,15.000000
NVIDIA A100-SXM4-40GB,1,0,circles_spatial3D,200,64000,40.000000,6.000000,179,1.000000,0.005199,64000.000000,15.000000
NVIDIA A100-SXM4-40GB,1,0,circles_spatial3D,200,64000,40.000000,6.000000,180,1.000000,0.005235,64000.000000,15.000000
NVIDIA A100-SXM4-40GB,1,0,circles_spatial3D,200,64000,40.000000,6.000000,181,1.000000,0.005207,64000.000000,15.000000
NVIDIA A100-SXM4-40GB,1,0,circles_spatial3D,200,64000,40.000000,6.000000,182,1.000000,0.005202,64000.000000,15.000000
NVIDIA A100-SXM4-40GB,1,0,circles_spatial3D,200,64000,40.000000,6.000000,183,1.000000,0.005197,64000.000000,15.000000
NVIDIA A100-SXM4-40GB,1,0,circles_spatial3D,200,64000,40.000000,6.000000,184,1.000000,0.005211,64000.000000,15.000000
NVIDIA A100-SXM4-40GB,1,0,circles_spatial3D,200,64000,40.000000,6.000000,185,1.000000,0.005207,64000.000000,15.000000
NVIDIA A100-SXM4-40GB,1,0,circles_spatial3D,200,64000,40.000000,6.000000,186,1.000000,0.005203,64000.000000,15.000000
NVIDIA A100-SXM4-40GB,1,0,circles_spatial3D,200,64000,40.000000,6.000000,187,1.000000,0.005200,64000.000000,15.000000
NVIDIA A100-SXM4-40GB,1,0,circles_spatial3D,200,64000,40.000000,6.000000,188,1.000000,0.005213,64000.000000,15.000000
NVIDIA A100-SXM4-40GB,1,0,circles_spatial3D,200,64000,40.000000,6.000000,189,1.000000,0.005208,64000.000000,15.000000
NVIDIA A100-SXM4-40GB,1,0,circles_spatial3D,200,64000,40.000000,6.000000,190,1.000000,0.005227,64000.000000,15.000000
NVIDIA A100-SXM4-40GB,1,0,circles_spatial3D,200,64000,40.000000,6.000000,191,1.000000,0.005211,64000.000000,15.000000
NVIDIA A100-SXM4-40GB,1,0,circles_spatial3D,200,64000,40.000000,6.000000,192,1.000000,0.005220,64000.000000,15.000000
NVIDIA A100-SXM4-40GB,1,0,circles_spatial3D,200,64000,40.000000,6.000000,193,1.000000,0.005222,64000.000000,15.000000
NVIDIA A100-SXM4-40GB,1,0,circles_spatial3D,200,64000,40.000000,6.000000,194,1.000000,0.005214,64000.000000,15.000000
NVIDIA A100-SXM4-40GB,1,0,circles_spatial3D,200,64000,40.000000,6.000000,195,1.000000,0.005224,64000.000000,15.000000
NVIDIA A100-SXM4-40GB,1,0,circles_spatial3D,200,64000,40.000000,6.000000,196,1.000000,0.005219,64000.000000,15.000000
NVIDIA A100-SXM4-40GB,1,0,circles_spatial3D,200,64000,40.000000,6.000000,197,1.000000,0.005218,64000.000000,15.000000
NVIDIA A100-SXM4-40GB,1,0,circles_spatial3D,200,64000,40.000000,6.000000,198,1.000000,0.005223,64000.000000,15.000000
NVIDIA A100-SXM4-40GB,1,0,circles_spatial3D,200,64000,40.000000,6.000000,199,1.000000,0.005231,64000.000000,15.000000
NVIDIA A100-SXM4-40GB,1,0,circles_spatial3D,200,64000,40.000000,8.000000,0,1.000000,0.014027,64000.000000,20.000000
NVIDIA A100-SXM4-40GB,1,0,circles_spatial3D,200,64000,40.000000,8.000000,1,1.000000,0.012868,64000.000000,20.000000
NVIDIA A100-SXM4-40GB,1,0,circles_spatial3D,200,64000,40.000000,8.000000,2,1.000000,0.012911,64000.000000,20.000000
NVIDIA A100-SXM4-40GB,1,0,circles_spatial3D,200,64000,40.000000,8.000000,3,1.000000,0.012872,64000.000000,20.000000
NVIDIA A100-SXM4-40GB,1,0,circles_spatial3D,200,64000,40.000000,8.000000,4,1.000000,0.012870,64000.000000,20.000000
NVIDIA A100-SXM4-40GB,1,0,circles_spatial3D,200,64000,40.000000,8.000000,5,1.000000,0.012869,64000.000000,20.000000
NVIDIA A100-SXM4-40GB,1,0,circles_spatial3D,200,64000,40.000000,8.000000,6,1.000000,0.012892,64000.000000,20.000000
NVIDIA A100-SXM4-40GB,1,0,circles_spatial3D,200,64000,40.000000,8.000000,7,1.000000,0.012902,64000.000000,20.000000
NVIDIA A100-SXM4-40GB,1,0,circles_spatial3D,200,64000,40.000000,8.000000,8,1.000000,0.012912,64000.000000,20.000000
NVIDIA A100-SXM4-40GB,1,0,circles_spatial3D,200,64000,40.000000,8.000000,9,1.000000,0.012907,64000.000000,20.000000
NVIDIA A100-SXM4-40GB,1,0,circles_spatial3D,200,64000,40.000000,8.000000,10,1.000000,0.012890,64000.000000,20.000000
NVIDIA A100-SXM4-40GB,1,0,circles_spatial3D,200,64000,40.000000,8.000000,11,1.000000,0.012884,64000.000000,20.000000
NVIDIA A100-SXM4-40GB,1,0,circles_spatial3D,200,64000,40.000000,8.000000,12,1.000000,0.012873,64000.000000,20.000000
NVIDIA A100-SXM4-40GB,1,0,circles_spatial3D,200,64000,40.000000,8.000000,13,1.000000,0.012894,64000.000000,20.000000
NVIDIA A100-SXM4-40GB,1,0,circles_spatial3D,200,64000,40.000000,8.000000,14,1.000000,0.012886,64000.000000,20.000000
NVIDIA A100-SXM4-40GB,1,0,circles_spatial3D,200,64000,40.000000,8.000000,15,1.000000,0.012901,64000.000000,20.000000
NVIDIA A100-SXM4-40GB,1,0,circles_spatial3D,200,64000,40.000000,8.000000,16,1.000000,0.012880,64000.000000,20.000000
NVIDIA A100-SXM4-40GB,1,0,circles_spatial3D,200,64000,40.000000,8.000000,17,1.000000,0.012907,64000.000000,20.000000
NVIDIA A100-SXM4-40GB,1,0,circles_spatial3D,200,64000,40.000000,8.000000,18,1.000000,0.012905,64000.000000,20.000000
NVIDIA A100-SXM4-40GB,1,0,circles_spatial3D,200,64000,40.000000,8.000000,19,1.000000,0.012939,64000.000000,20.000000
NVIDIA A100-SXM4-40GB,1,0,circles_spatial3D,200,64000,40.000000,8.000000,20,1.000000,0.012920,64000.000000,20.000000
NVIDIA A100-SXM4-40GB,1,0,circles_spatial3D,200,64000,40.000000,8.000000,21,1.000000,0.012892,64000.000000,20.000000
NVIDIA A100-SXM4-40GB,1,0,circles_spatial3D,200,64000,40.000000,8.000000,22,1.000000,0.012906,64000.000000,20.000000
NVIDIA A100-SXM4-40GB,1,0,circles_spatial3D,200,64000,40.000000,8.000000,23,1.000000,0.012924,64000.000000,20.000000
NVIDIA A100-SXM4-40GB,1,0,circles_spatial3D,200,64000,40.000000,8.000000,24,1.000000,0.012920,64000.000000,20.000000
NVIDIA A100-SXM4-40GB,1,0,circles_spatial3D,200,64000,40.000000,8.000000,25,1.000000,0.012904,64000.000000,20.000000
NVIDIA A100-SXM4-40GB,1,0,circles_spatial3D,200,64000,40.000000,8.000000,26,1.000000,0.012934,64000.000000,20.000000
NVIDIA A100-SXM4-40GB,1,0,circles_spatial3D,200,64000,40.000000,8.000000,27,1.000000,0.012943,64000.000000,20.000000
NVIDIA A100-SXM4-40GB,1,0,circles_spatial3D,200,64000,40.000000,8.000000,28,1.000000,0.012932,64000.000000,20.000000
NVIDIA A100-SXM4-40GB,1,0,circles_spatial3D,200,64000,40.000000,8.000000,29,1.000000,0.012912,64000.000000,20.000000
NVIDIA A100-SXM4-40GB,1,0,circles_spatial3D,200,64000,40.000000,8.000000,30,1.000000,0.012954,64000.000000,20.000000
NVIDIA A100-SXM4-40GB,1,0,circles_spatial3D,200,64000,40.000000,8.000000,31,1.000000,0.012904,64000.000000,20.000000
NVIDIA A100-SXM4-40GB,1,0,circles_spatial3D,200,64000,40.000000,8.000000,32,1.000000,0.012901,64000.000000,20.000000
NVIDIA A100-SXM4-40GB,1,0,circles_spatial3D,200,64000,40.000000,8.000000,33,1.000000,0.012896,64000.000000,20.000000
NVIDIA A100-SXM4-40GB,1,0,circles_spatial3D,200,64000,40.000000,8.000000,34,1.000000,0.012927,64000.000000,20.000000
NVIDIA A100-SXM4-40GB,1,0,circles_spatial3D,200,64000,40.000000,8.000000,35,1.000000,0.012953,64000.000000,20.000000
NVIDIA A100-SXM4-40GB,1,0,circles_spatial3D,200,64000,40.000000,8.000000,36,1.000000,0.012961,64000.000000,20.000000
NVIDIA A100-SXM4-40GB,1,0,circles_spatial3D,200,64000,40.000000,8.000000,37,1.000000,0.012947,64000.000000,20.000000
NVIDIA A100-SXM4-40GB,1,0,circles_spatial3D,200,64000,40.000000,8.000000,38,1.000000,0.012947,64000.000000,20.000000
NVIDIA A100-SXM4-40GB,1,0,circles_spatial3D,200,64000,40.000000,8.000000,39,1.000000,0.012946,64000.000000,20.000000
NVIDIA A100-SXM4-40GB,1,0,circles_spatial3D,200,64000,40.000000,8.000000,40,1.000000,0.012983,64000.000000,20.000000
NVIDIA A100-SXM4-40GB,1,0,circles_spatial3D,200,64000,40.000000,8.000000,41,1.000000,0.012970,64000.000000,20.000000
NVIDIA A100-SXM4-40GB,1,0,circles_spatial3D,200,64000,40.000000,8.000000,42,1.000000,0.013006,64000.000000,20.000000
NVIDIA A100-SXM4-40GB,1,0,circles_spatial3D,200,64000,40.000000,8.000000,43,1.000000,0.012997,64000.000000,20.000000
NVIDIA A100-SXM4-40GB,1,0,circles_spatial3D,200,64000,40.000000,8.000000,44,1.000000,0.013003,64000.000000,20.000000
NVIDIA A100-SXM4-40GB,1,0,circles_spatial3D,200,64000,40.000000,8.000000,45,1.000000,0.013002,64000.000000,20.000000
NVIDIA A100-SXM4-40GB,1,0,circles_spatial3D,200,64000,40.000000,8.000000,46,1.000000,0.012996,64000.000000,20.000000
NVIDIA A100-SXM4-40GB,1,0,circles_spatial3D,200,64000,40.000000,8.000000,47,1.000000,0.013009,64000.000000,20.000000
NVIDIA A100-SXM4-40GB,1,0,circles_spatial3D,200,64000,40.000000,8.000000,48,1.000000,0.013011,64000.000000,20.000000
NVIDIA A100-SXM4-40GB,1,0,circles_spatial3D,200,64000,40.000000,8.000000,49,1.000000,0.013039,64000.000000,20.000000
NVIDIA A100-SXM4-40GB,1,0,circles_spatial3D,200,64000,40.000000,8.000000,50,1.000000,0.012955,64000.000000,20.000000
NVIDIA A100-SXM4-40GB,1,0,circles_spatial3D,200,64000,40.000000,8.000000,51,1.000000,0.012938,64000.000000,20.000000
NVIDIA A100-SXM4-40GB,1,0,circles_spatial3D,200,64000,40.000000,8.000000,52,1.000000,0.012974,64000.000000,20.000000
NVIDIA A100-SXM4-40GB,1,0,circles_spatial3D,200,64000,40.000000,8.000000,53,1.000000,0.012959,64000.000000,20.000000
NVIDIA A100-SXM4-40GB,1,0,circles_spatial3D,200,64000,40.000000,8.000000,54,1.000000,0.012990,64000.000000,20.000000
NVIDIA A100-SXM4-40GB,1,0,circles_spatial3D,200,64000,40.000000,8.000000,55,1.000000,0.012924,64000.000000,20.000000
NVIDIA A100-SXM4-40GB,1,0,circles_spatial3D,200,64000,40.000000,8.000000,56,1.000000,0.012928,64000.000000,20.000000
NVIDIA A100-SXM4-40GB,1,0,circles_spatial3D,200,64000,40.000000,8.000000,57,1.000000,0.012951,64000.000000,20.000000
NVIDIA A100-SXM4-40GB,1,0,circles_spatial3D,200,64000,40.000000,8.000000,58,1.000000,0.012957,64000.000000,20.000000
NVIDIA A100-SXM4-40GB,1,0,circles_spatial3D,200,64000,40.000000,8.000000,59,1.000000,0.012966,64000.000000,20.000000
NVIDIA A100-SXM4-40GB,1,0,circles_spatial3D,200,64000,40.000000,8.000000,60,1.000000,0.012990,64000.000000,20.000000
NVIDIA A100-SXM4-40GB,1,0,circles_spatial3D,200,64000,40.000000,8.000000,61,1.000000,0.012942,64000.000000,20.000000
NVIDIA A100-SXM4-40GB,1,0,circles_spatial3D,200,64000,40.000000,8.000000,62,1.000000,0.012989,64000.000000,20.000000
NVIDIA A100-SXM4-40GB,1,0,circles_spatial3D,200,64000,40.000000,8.000000,63,1.000000,0.012975,64000.000000,20.000000
NVIDIA A100-SXM4-40GB,1,0,circles_spatial3D,200,64000,40.000000,8.000000,64,1.000000,0.012963,64000.000000,20.000000
NVIDIA A100-SXM4-40GB,1,0,circles_spatial3D,200,64000,40.000000,8.000000,65,1.000000,0.013001,64000.000000,20.000000
NVIDIA A100-SXM4-40GB,1,0,circles_spatial3D,200,64000,40.000000,8.000000,66,1.000000,0.012983,64000.000000,20.000000
NVIDIA A100-SXM4-40GB,1,0,circles_spatial3D,200,64000,40.000000,8.000000,67,1.000000,0.012993,64000.000000,20.000000
NVIDIA A100-SXM4-40GB,1,0,circles_spatial3D,200,64000,40.000000,8.000000,68,1.000000,0.012967,64000.000000,20.000000
NVIDIA A100-SXM4-40GB,1,0,circles_spatial3D,200,64000,40.000000,8.000000,69,1.000000,0.012972,64000.000000,20.000000
NVIDIA A100-SXM4-40GB,1,0,circles_spatial3D,200,64000,40.000000,8.000000,70,1.000000,0.012977,64000.000000,20.000000
NVIDIA A100-SXM4-40GB,1,0,circles_spatial3D,200,64000,40.000000,8.000000,71,1.000000,0.012944,64000.000000,20.000000
NVIDIA A100-SXM4-40GB,1,0,circles_spatial3D,200,64000,40.000000,8.000000,72,1.000000,0.012937,64000.000000,20.000000
NVIDIA A100-SXM4-40GB,1,0,circles_spatial3D,200,64000,40.000000,8.000000,73,1.000000,0.012965,64000.000000,20.000000
NVIDIA A100-SXM4-40GB,1,0,circles_spatial3D,200,64000,40.000000,8.000000,74,1.000000,0.012965,64000.000000,20.000000
NVIDIA A100-SXM4-40GB,1,0,circles_spatial3D,200,64000,40.000000,8.000000,75,1.000000,0.012985,64000.000000,20.000000
NVIDIA A100-SXM4-40GB,1,0,circles_spatial3D,200,64000,40.000000,8.000000,76,1.000000,0.012987,64000.000000,20.000000
NVIDIA A100-SXM4-40GB,1,0,circles_spatial3D,200,64000,40.000000,8.000000,77,1.000000,0.012949,64000.000000,20.000000
NVIDIA A100-SXM4-40GB,1,0,circles_spatial3D,200,64000,40.000000,8.000000,78,1.000000,0.012984,64000.000000,20.000000
NVIDIA A100-SXM4-40GB,1,0,circles_spatial3D,200,64000,40.000000,8.000000,79,1.000000,0.012939,64000.000000,20.000000
NVIDIA A100-SXM4-40GB,1,0,circles_spatial3D,200,64000,40.000000,8.000000,80,1.000000,0.012960,64000.000000,20.000000
NVIDIA A100-SXM4-40GB,1,0,circles_spatial3D,200,64000,40.000000,8.000000,81,1.000000,0.012929,64000.000000,20.000000
NVIDIA A100-SXM4-40GB,1,0,circles_spatial3D,200,64000,40.000000,8.000000,82,1.000000,0.012943,64000.000000,20.000000
NVIDIA A100-SXM4-40GB,1,0,circles_spatial3D,200,64000,40.000000,8.000000,83,1.000000,0.012956,64000.000000,20.000000
NVIDIA A100-SXM4-40GB,1,0,circles_spatial3D,200,64000,40.000000,8.000000,84,1.000000,0.012949,64000.000000,20.000000
NVIDIA A100-SXM4-40GB,1,0,circles_spatial3D,200,64000,40.000000,8.000000,85,1.000000,0.012937,64000.000000,20.000000
NVIDIA A100-SXM4-40GB,1,0,circles_spatial3D,200,64000,40.000000,8.000000,86,1.000000,0.012964,64000.000000,20.000000
NVIDIA A100-SXM4-40GB,1,0,circles_spatial3D,200,64000,40.000000,8.000000,87,1.000000,0.012932,64000.000000,20.000000
NVIDIA A100-SXM4-40GB,1,0,circles_spatial3D,200,64000,40.000000,8.000000,88,1.000000,0.012973,64000.000000,20.000000
NVIDIA A100-SXM4-40GB,1,0,circles_spatial3D,200,64000,40.000000,8.000000,89,1.000000,0.012945,64000.000000,20.000000
NVIDIA A100-SXM4-40GB,1,0,circles_spatial3D,200,64000,40.000000,8.000000,90,1.000000,0.012968,64000.000000,20.000000
NVIDIA A100-SXM4-40GB,1,0,circles_spatial3D,200,64000,40.000000,8.000000,91,1.000000,0.012938,64000.000000,20.000000
NVIDIA A100-SXM4-40GB,1,0,circles_spatial3D,200,64000,40.000000,8.000000,92,1.000000,0.012999,64000.000000,20.000000
NVIDIA A100-SXM4-40GB,1,0,circles_spatial3D,200,64000,40.000000,8.000000,93,1.000000,0.012998,64000.000000,20.000000
NVIDIA A100-SXM4-40GB,1,0,circles_spatial3D,200,64000,40.000000,8.000000,94,1.000000,0.013001,64000.000000,20.000000
NVIDIA A100-SXM4-40GB,1,0,circles_spatial3D,200,64000,40.000000,8.000000,95,1.000000,0.012957,64000.000000,20.000000
NVIDIA A100-SXM4-40GB,1,0,circles_spatial3D,200,64000,40.000000,8.000000,96,1.000000,0.012984,64000.000000,20.000000
NVIDIA A100-SXM4-40GB,1,0,circles_spatial3D,200,64000,40.000000,8.000000,97,1.000000,0.012997,64000.000000,20.000000
NVIDIA A100-SXM4-40GB,1,0,circles_spatial3D,200,64000,40.000000,8.000000,98,1.000000,0.012976,64000.000000,20.000000
NVIDIA A100-SXM4-40GB,1,0,circles_spatial3D,200,64000,40.000000,8.000000,99,1.000000,0.013007,64000.000000,20.000000
NVIDIA A100-SXM4-40GB,1,0,circles_spatial3D,200,64000,40.000000,8.000000,100,1.000000,0.012957,64000.000000,20.000000
NVIDIA A100-SXM4-40GB,1,0,circles_spatial3D,200,64000,40.000000,8.000000,101,1.000000,0.012948,64000.000000,20.000000
NVIDIA A100-SXM4-40GB,1,0,circles_spatial3D,200,64000,40.000000,8.000000,102,1.000000,0.012936,64000.000000,20.000000
NVIDIA A100-SXM4-40GB,1,0,circles_spatial3D,200,64000,40.000000,8.000000,103,1.000000,0.012972,64000.000000,20.000000
NVIDIA A100-SXM4-40GB,1,0,circles_spatial3D,200,64000,40.000000,8.000000,104,1.000000,0.012956,64000.000000,20.000000
NVIDIA A100-SXM4-40GB,1,0,circles_spatial3D,200,64000,40.000000,8.000000,105,1.000000,0.012955,64000.000000,20.000000
NVIDIA A100-SXM4-40GB,1,0,circles_spatial3D,200,64000,40.000000,8.000000,106,1.000000,0.012976,64000.000000,20.000000
NVIDIA A100-SXM4-40GB,1,0,circles_spatial3D,200,64000,40.000000,8.000000,107,1.000000,0.012945,64000.000000,20.000000
NVIDIA A100-SXM4-40GB,1,0,circles_spatial3D,200,64000,40.000000,8.000000,108,1.000000,0.012953,64000.000000,20.000000
NVIDIA A100-SXM4-40GB,1,0,circles_spatial3D,200,64000,40.000000,8.000000,109,1.000000,0.012960,64000.000000,20.000000
NVIDIA A100-SXM4-40GB,1,0,circles_spatial3D,200,64000,40.000000,8.000000,110,1.000000,0.013004,64000.000000,20.000000
NVIDIA A100-SXM4-40GB,1,0,circles_spatial3D,200,64000,40.000000,8.000000,111,1.000000,0.012974,64000.000000,20.000000
NVIDIA A100-SXM4-40GB,1,0,circles_spatial3D,200,64000,40.000000,8.000000,112,1.000000,0.012983,64000.000000,20.000000
NVIDIA A100-SXM4-40GB,1,0,circles_spatial3D,200,64000,40.000000,8.000000,113,1.000000,0.012990,64000.000000,20.000000
NVIDIA A100-SXM4-40GB,1,0,circles_spatial3D,200,64000,40.000000,8.000000,114,1.000000,0.012986,64000.000000,20.000000
NVIDIA A100-SXM4-40GB,1,0,circles_spatial3D,200,64000,40.000000,8.000000,115,1.000000,0.013004,64000.000000,20.000000
NVIDIA A100-SXM4-40GB,1,0,circles_spatial3D,200,64000,40.000000,8.000000,116,1.000000,0.012984,64000.000000,20.000000
NVIDIA A100-SXM4-40GB,1,0,circles_spatial3D,200,64000,40.000000,8.000000,117,1.000000,0.012982,64000.000000,20.000000
NVIDIA A100-SXM4-40GB,1,0,circles_spatial3D,200,64000,40.000000,8.000000,118,1.000000,0.012986,64000.000000,20.000000
NVIDIA A100-SXM4-40GB,1,0,circles_spatial3D,200,64000,40.000000,8.000000,119,1.000000,0.013008,64000.000000,20.000000
NVIDIA A100-SXM4-40GB,1,0,circles_spatial3D,200,64000,40.000000,8.000000,120,1.000000,0.013002,64000.000000,20.000000
NVIDIA A100-SXM4-40GB,1,0,circles_spatial3D,200,64000,40.000000,8.000000,121,1.000000,0.012989,64000.000000,20.000000
NVIDIA A100-SXM4-40GB,1,0,circles_spatial3D,200,64000,40.000000,8.000000,122,1.000000,0.012963,64000.000000,20.000000
NVIDIA A100-SXM4-40GB,1,0,circles_spatial3D,200,64000,40.000000,8.000000,123,1.000000,0.012996,64000.000000,20.000000
NVIDIA A100-SXM4-40GB,1,0,circles_spatial3D,200,64000,40.000000,8.000000,124,1.000000,0.013027,64000.000000,20.000000
NVIDIA A100-SXM4-40GB,1,0,circles_spatial3D,200,64000,40.000000,8.000000,125,1.000000,0.013022,64000.000000,20.000000
NVIDIA A100-SXM4-40GB,1,0,circles_spatial3D,200,64000,40.000000,8.000000,126,1.000000,0.013014,64000.000000,20.000000
NVIDIA A100-SXM4-40GB,1,0,circles_spatial3D,200,64000,40.000000,8.000000,127,1.000000,0.013014,64000.000000,20.000000
NVIDIA A100-SXM4-40GB,1,0,circles_spatial3D,200,64000,40.000000,8.000000,128,1.000000,0.012987,64000.000000,20.000000
NVIDIA A100-SXM4-40GB,1,0,circles_spatial3D,200,64000,40.000000,8.000000,129,1.000000,0.013037,64000.000000,20.000000
NVIDIA A100-SXM4-40GB,1,0,circles_spatial3D,200,64000,40.000000,8.000000,130,1.000000,0.013082,64000.000000,20.000000
NVIDIA A100-SXM4-40GB,1,0,circles_spatial3D,200,64000,40.000000,8.000000,131,1.000000,0.013065,64000.000000,20.000000
NVIDIA A100-SXM4-40GB,1,0,circles_spatial3D,200,64000,40.000000,8.000000,132,1.000000,0.013074,64000.000000,20.000000
NVIDIA A100-SXM4-40GB,1,0,circles_spatial3D,200,64000,40.000000,8.000000,133,1.000000,0.013073,64000.000000,20.000000
NVIDIA A100-SXM4-40GB,1,0,circles_spatial3D,200,64000,40.000000,8.000000,134,1.000000,0.013084,64000.000000,20.000000
NVIDIA A100-SXM4-40GB,1,0,circles_spatial3D,200,64000,40.000000,8.000000,135,1.000000,0.013069,64000.000000,20.000000
NVIDIA A100-SXM4-40GB,1,0,circles_spatial3D,200,64000,40.000000,8.000000,136,1.000000,0.013077,64000.000000,20.000000
NVIDIA A100-SXM4-40GB,1,0,circles_spatial3D,200,64000,40.000000,8.000000,137,1.000000,0.013088,64000.000000,20.000000
NVIDIA A100-SXM4-40GB,1,0,circles_spatial3D,200,64000,40.000000,8.000000,138,1.000000,0.013094,64000.000000,20.000000
NVIDIA A100-SXM4-40GB,1,0,circles_spatial3D,200,64000,40.000000,8.000000,139,1.000000,0.013116,64000.000000,20.000000
NVIDIA A100-SXM4-40GB,1,0,circles_spatial3D,200,64000,40.000000,8.000000,140,1.000000,0.013107,64000.000000,20.000000
NVIDIA A100-SXM4-40GB,1,0,circles_spatial3D,200,64000,40.000000,8.000000,141,1.000000,0.013063,64000.000000,20.000000
NVIDIA A100-SXM4-40GB,1,0,circles_spatial3D,200,64000,40.000000,8.000000,142,1.000000,0.013136,64000.000000,20.000000
NVIDIA A100-SXM4-40GB,1,0,circles_spatial3D,200,64000,40.000000,8.000000,143,1.000000,0.013114,64000.000000,20.000000
NVIDIA A100-SXM4-40GB,1,0,circles_spatial3D,200,64000,40.000000,8.000000,144,1.000000,0.013123,64000.000000,20.000000
NVIDIA A100-SXM4-40GB,1,0,circles_spatial3D,200,64000,40.000000,8.000000,145,1.000000,0.013133,64000.000000,20.000000
NVIDIA A100-SXM4-40GB,1,0,circles_spatial3D,200,64000,40.000000,8.000000,146,1.000000,0.013135,64000.000000,20.000000
NVIDIA A100-SXM4-40GB,1,0,circles_spatial3D,200,64000,40.000000,8.000000,147,1.000000,0.013132,64000.000000,20.000000
NVIDIA A100-SXM4-40GB,1,0,circles_spatial3D,200,64000,40.000000,8.000000,148,1.000000,0.013136,64000.000000,20.000000
NVIDIA A100-SXM4-40GB,1,0,circles_spatial3D,200,64000,40.000000,8.000000,149,1.000000,0.013116,64000.000000,20.000000
NVIDIA A100-SXM4-40GB,1,0,circles_spatial3D,200,64000,40.000000,8.000000,150,1.000000,0.013179,64000.000000,20.000000
NVIDIA A100-SXM4-40GB,1,0,circles_spatial3D,200,64000,40.000000,8.000000,151,1.000000,0.013148,64000.000000,20.000000
NVIDIA A100-SXM4-40GB,1,0,circles_spatial3D,200,64000,40.000000,8.000000,152,1.000000,0.013172,64000.000000,20.000000
NVIDIA A100-SXM4-40GB,1,0,circles_spatial3D,200,64000,40.000000,8.000000,153,1.000000,0.013110,64000.000000,20.000000
NVIDIA A100-SXM4-40GB,1,0,circles_spatial3D,200,64000,40.000000,8.000000,154,1.000000,0.013148,64000.000000,20.000000
NVIDIA A100-SXM4-40GB,1,0,circles_spatial3D,200,64000,40.000000,8.000000,155,1.000000,0.013152,64000.000000,20.000000
NVIDIA A100-SXM4-40GB,1,0,circles_spatial3D,200,64000,40.000000,8.000000,156,1.000000,0.013181,64000.000000,20.000000
NVIDIA A100-SXM4-40GB,1,0,circles_spatial3D,200,64000,40.000000,8.000000,157,1.000000,0.013134,64000.000000,20.000000
NVIDIA A100-SXM4-40GB,1,0,circles_spatial3D,200,64000,40.000000,8.000000,158,1.000000,0.013184,64000.000000,20.000000
NVIDIA A100-SXM4-40GB,1,0,circles_spatial3D,200,64000,40.000000,8.000000,159,1.000000,0.013205,64000.000000,20.000000
NVIDIA A100-SXM4-40GB,1,0,circles_spatial3D,200,64000,40.000000,8.000000,160,1.000000,0.013187,64000.000000,20.000000
NVIDIA A100-SXM4-40GB,1,0,circles_spatial3D,200,64000,40.000000,8.000000,161,1.000000,0.013148,64000.000000,20.000000
NVIDIA A100-SXM4-40GB,1,0,circles_spatial3D,200,64000,40.000000,8.000000,162,1.000000,0.013171,64000.000000,20.000000
NVIDIA A100-SXM4-40GB,1,0,circles_spatial3D,200,64000,40.000000,8.000000,163,1.000000,0.013196,64000.000000,20.000000
NVIDIA A100-SXM4-40GB,1,0,circles_spatial3D,200,64000,40.000000,8.000000,164,1.000000,0.013153,64000.000000,20.000000
NVIDIA A100-SXM4-40GB,1,0,circles_spatial3D,200,64000,40.000000,8.000000,165,1.000000,0.013143,64000.000000,20.000000
NVIDIA A100-SXM4-40GB,1,0,circles_spatial3D,200,64000,40.000000,8.000000,166,1.000000,0.013164,64000.000000,20.000000
NVIDIA A100-SXM4-40GB,1,0,circles_spatial3D,200,64000,40.000000,8.000000,167,1.000000,0.013173,64000.000000,20.000000
NVIDIA A100-SXM4-40GB,1,0,circles_spatial3D,200,64000,40.000000,8.000000,168,1.000000,0.013179,64000.000000,20.000000
NVIDIA A100-SXM4-40GB,1,0,circles_spatial3D,200,64000,40.000000,8.000000,169,1.000000,0.013172,64000.000000,20.000000
NVIDIA A100-SXM4-40GB,1,0,circles_spatial3D,200,64000,40.000000,8.000000,170,1.000000,0.013212,64000.000000,20.000000
NVIDIA A100-SXM4-40GB,1,0,circles_spatial3D,200,64000,40.000000,8.000000,171,1.000000,0.013130,64000.000000,20.000000
NVIDIA A100-SXM4-40GB,1,0,circles_spatial3D,200,64000,40.000000,8.000000,172,1.000000,0.013168,64000.000000,20.000000
NVIDIA A100-SXM4-40GB,1,0,circles_spatial3D,200,64000,40.000000,8.000000,173,1.000000,0.013152,64000.000000,20.000000
NVIDIA A100-SXM4-40GB,1,0,circles_spatial3D,200,64000,40.000000,8.000000,174,1.000000,0.013125,64000.000000,20.000000
NVIDIA A100-SXM4-40GB,1,0,circles_spatial3D,200,64000,40.000000,8.000000,175,1.000000,0.013135,64000.000000,20.000000
NVIDIA A100-SXM4-40GB,1,0,circles_spatial3D,200,64000,40.000000,8.000000,176,1.000000,0.013187,64000.000000,20.000000
NVIDIA A100-SXM4-40GB,1,0,circles_spatial3D,200,64000,40.000000,8.000000,177,1.000000,0.013168,64000.000000,20.000000
NVIDIA A100-SXM4-40GB,1,0,circles_spatial3D,200,64000,40.000000,8.000000,178,1.000000,0.013179,64000.000000,20.000000
NVIDIA A100-SXM4-40GB,1,0,circles_spatial3D,200,64000,40.000000,8.000000,179,1.000000,0.013166,64000.000000,20.000000
NVIDIA A100-SXM4-40GB,1,0,circles_spatial3D,200,64000,40.000000,8.000000,180,1.000000,0.013183,64000.000000,20.000000
NVIDIA A100-SXM4-40GB,1,0,circles_spatial3D,200,64000,40.000000,8.000000,181,1.000000,0.013183,64000.000000,20.000000
NVIDIA A100-SXM4-40GB,1,0,circles_spatial3D,200,64000,40.000000,8.000000,182,1.000000,0.013195,64000.000000,20.000000
NVIDIA A100-SXM4-40GB,1,0,circles_spatial3D,200,64000,40.000000,8.000000,183,1.000000,0.013196,64000.000000,20.000000
NVIDIA A100-SXM4-40GB,1,0,circles_spatial3D,200,64000,40.000000,8.000000,184,1.000000,0.013179,64000.000000,20.000000
NVIDIA A100-SXM4-40GB,1,0,circles_spatial3D,200,64000,40.000000,8.000000,185,1.000000,0.013179,64000.000000,20.000000
NVIDIA A100-SXM4-40GB,1,0,circles_spatial3D,200,64000,40.000000,8.000000,186,1.000000,0.013187,64000.000000,20.000000
NVIDIA A100-SXM4-40GB,1,0,circles_spatial3D,200,64000,40.000000,8.000000,187,1.000000,0.013151,64000.000000,20.000000
NVIDIA A100-SXM4-40GB,1,0,circles_spatial3D,200,64000,40.000000,8.000000,188,1.000000,0.013190,64000.000000,20.000000
NVIDIA A100-SXM4-40GB,1,0,circles_spatial3D,200,64000,40.000000,8.000000,189,1.000000,0.013194,64000.000000,20.000000
NVIDIA A100-SXM4-40GB,1,0,circles_spatial3D,200,64000,40.000000,8.000000,190,1.000000,0.013175,64000.000000,20.000000
NVIDIA A100-SXM4-40GB,1,0,circles_spatial3D,200,64000,40.000000,8.000000,191,1.000000,0.013181,64000.000000,20.000000
NVIDIA A100-SXM4-40GB,1,0,circles_spatial3D,200,64000,40.000000,8.000000,192,1.000000,0.013210,64000.000000,20.000000
NVIDIA A100-SXM4-40GB,1,0,circles_spatial3D,200,64000,40.000000,8.000000,193,1.000000,0.013200,64000.000000,20.000000
NVIDIA A100-SXM4-40GB,1,0,circles_spatial3D,200,64000,40.000000,8.000000,194,1.000000,0.013193,64000.000000,20.000000
NVIDIA A100-SXM4-40GB,1,0,circles_spatial3D,200,64000,40.000000,8.000000,195,1.000000,0.013224,64000.000000,20.000000
NVIDIA A100-SXM4-40GB,1,0,circles_spatial3D,200,64000,40.000000,8.000000,196,1.000000,0.013232,64000.000000,20.000000
NVIDIA A100-SXM4-40GB,1,0,circles_spatial3D,200,64000,40.000000,8.000000,197,1.000000,0.013235,64000.000000,20.000000
NVIDIA A100-SXM4-40GB,1,0,circles_spatial3D,200,64000,40.000000,8.000000,198,1.000000,0.013253,64000.000000,20.000000
NVIDIA A100-SXM4-40GB,1,0,circles_spatial3D,200,64000,40.000000,8.000000,199,1.000000,0.013233,64000.000000,20.000000
NVIDIA A100-SXM4-40GB,1,0,circles_spatial3D_rtc,200,64000,40.000000,2.000000,0,1.000000,0.002505,64000.000000,5.000000
NVIDIA A100-SXM4-40GB,1,0,circles_spatial3D_rtc,200,64000,40.000000,2.000000,1,1.000000,0.000345,64000.000000,5.000000
NVIDIA A100-SXM4-40GB,1,0,circles_spatial3D_rtc,200,64000,40.000000,2.000000,2,1.000000,0.000344,64000.000000,5.000000
NVIDIA A100-SXM4-40GB,1,0,circles_spatial3D_rtc,200,64000,40.000000,2.000000,3,1.000000,0.000336,64000.000000,5.000000
NVIDIA A100-SXM4-40GB,1,0,circles_spatial3D_rtc,200,64000,40.000000,2.000000,4,1.000000,0.000347,64000.000000,5.000000
NVIDIA A100-SXM4-40GB,1,0,circles_spatial3D_rtc,200,64000,40.000000,2.000000,5,1.000000,0.000348,64000.000000,5.000000
NVIDIA A100-SXM4-40GB,1,0,circles_spatial3D_rtc,200,64000,40.000000,2.000000,6,1.000000,0.000347,64000.000000,5.000000
NVIDIA A100-SXM4-40GB,1,0,circles_spatial3D_rtc,200,64000,40.000000,2.000000,7,1.000000,0.000336,64000.000000,5.000000
NVIDIA A100-SXM4-40GB,1,0,circles_spatial3D_rtc,200,64000,40.000000,2.000000,8,1.000000,0.000350,64000.000000,5.000000
NVIDIA A100-SXM4-40GB,1,0,circles_spatial3D_rtc,200,64000,40.000000,2.000000,9,1.000000,0.000337,64000.000000,5.000000
NVIDIA A100-SXM4-40GB,1,0,circles_spatial3D_rtc,200,64000,40.000000,2.000000,10,1.000000,0.000369,64000.000000,5.000000
NVIDIA A100-SXM4-40GB,1,0,circles_spatial3D_rtc,200,64000,40.000000,2.000000,11,1.000000,0.000338,64000.000000,5.000000
NVIDIA A100-SXM4-40GB,1,0,circles_spatial3D_rtc,200,64000,40.000000,2.000000,12,1.000000,0.000350,64000.000000,5.000000
NVIDIA A100-SXM4-40GB,1,0,circles_spatial3D_rtc,200,64000,40.000000,2.000000,13,1.000000,0.000338,64000.000000,5.000000
NVIDIA A100-SXM4-40GB,1,0,circles_spatial3D_rtc,200,64000,40.000000,2.000000,14,1.000000,0.000347,64000.000000,5.000000
NVIDIA A100-SXM4-40GB,1,0,circles_spatial3D_rtc,200,64000,40.000000,2.000000,15,1.000000,0.000346,64000.000000,5.000000
NVIDIA A100-SXM4-40GB,1,0,circles_spatial3D_rtc,200,64000,40.000000,2.000000,16,1.000000,0.000348,64000.000000,5.000000
NVIDIA A100-SXM4-40GB,1,0,circles_spatial3D_rtc,200,64000,40.000000,2.000000,17,1.000000,0.000339,64000.000000,5.000000
NVIDIA A100-SXM4-40GB,1,0,circles_spatial3D_rtc,200,64000,40.000000,2.000000,18,1.000000,0.000349,64000.000000,5.000000
NVIDIA A100-SXM4-40GB,1,0,circles_spatial3D_rtc,200,64000,40.000000,2.000000,19,1.000000,0.000337,64000.000000,5.000000
NVIDIA A100-SXM4-40GB,1,0,circles_spatial3D_rtc,200,64000,40.000000,2.000000,20,1.000000,0.000381,64000.000000,5.000000
NVIDIA A100-SXM4-40GB,1,0,circles_spatial3D_rtc,200,64000,40.000000,2.000000,21,1.000000,0.000337,64000.000000,5.000000
NVIDIA A100-SXM4-40GB,1,0,circles_spatial3D_rtc,200,64000,40.000000,2.000000,22,1.000000,0.000348,64000.000000,5.000000
NVIDIA A100-SXM4-40GB,1,0,circles_spatial3D_rtc,200,64000,40.000000,2.000000,23,1.000000,0.000337,64000.000000,5.000000
NVIDIA A100-SXM4-40GB,1,0,circles_spatial3D_rtc,200,64000,40.000000,2.000000,24,1.000000,0.000349,64000.000000,5.000000
NVIDIA A100-SXM4-40GB,1,0,circles_spatial3D_rtc,200,64000,40.000000,2.000000,25,1.000000,0.000350,64000.000000,5.000000
NVIDIA A100-SXM4-40GB,1,0,circles_spatial3D_rtc,200,64000,40.000000,2.000000,26,1.000000,0.000349,64000.000000,5.000000
NVIDIA A100-SXM4-40GB,1,0,circles_spatial3D_rtc,200,64000,40.000000,2.000000,27,1.000000,0.000339,64000.000000,5.000000
NVIDIA A100-SXM4-40GB,1,0,circles_spatial3D_rtc,200,64000,40.000000,2.000000,28,1.000000,0.000349,64000.000000,5.000000
NVIDIA A100-SXM4-40GB,1,0,circles_spatial3D_rtc,200,64000,40.000000,2.000000,29,1.000000,0.000339,64000.000000,5.000000
NVIDIA A100-SXM4-40GB,1,0,circles_spatial3D_rtc,200,64000,40.000000,2.000000,30,1.000000,0.000371,64000.000000,5.000000
NVIDIA A100-SXM4-40GB,1,0,circles_spatial3D_rtc,200,64000,40.000000,2.000000,31,1.000000,0.000338,64000.000000,5.000000
NVIDIA A100-SXM4-40GB,1,0,circles_spatial3D_rtc,200,64000,40.000000,2.000000,32,1.000000,0.000350,64000.000000,5.000000
NVIDIA A100-SXM4-40GB,1,0,circles_spatial3D_rtc,200,64000,40.000000,2.000000,33,1.000000,0.000338,64000.000000,5.000000
NVIDIA A100-SXM4-40GB,1,0,circles_spatial3D_rtc,200,64000,40.000000,2.000000,34,1.000000,0.000349,64000.000000,5.000000
NVIDIA A100-SXM4-40GB,1,0,circles_spatial3D_rtc,200,64000,40.000000,2.000000,35,1.000000,0.000350,64000.000000,5.000000
NVIDIA A100-SXM4-40GB,1,0,circles_spatial3D_rtc,200,64000,40.000000,2.000000,36,1.000000,0.000351,64000.000000,5.000000
NVIDIA A100-SXM4-40GB,1,0,circles_spatial3D_rtc,200,64000,40.000000,2.000000,37,1.000000,0.000341,64000.000000,5.000000
NVIDIA A100-SXM4-40GB,1,0,circles_spatial3D_rtc,200,64000,40.000000,2.000000,38,1.000000,0.000351,64000.000000,5.000000
NVIDIA A100-SXM4-40GB,1,0,circles_spatial3D_rtc,200,64000,40.000000,2.000000,39,1.000000,0.000340,64000.000000,5.000000
NVIDIA A100-SXM4-40GB,1,0,circles_spatial3D_rtc,200,64000,40.000000,2.000000,40,1.000000,0.000384,64000.000000,5.000000
NVIDIA A100-SXM4-40GB,1,0,circles_spatial3D_rtc,200,64000,40.000000,2.000000,41,1.000000,0.000339,64000.000000,5.000000
NVIDIA A100-SXM4-40GB,1,0,circles_spatial3D_rtc,200,64000,40.000000,2.000000,42,1.000000,0.000350,64000.000000,5.000000
NVIDIA A100-SXM4-40GB,1,0,circles_spatial3D_rtc,200,64000,40.000000,2.000000,43,1.000000,0.000342,64000.000000,5.000000
NVIDIA A100-SXM4-40GB,1,0,circles_spatial3D_rtc,200,64000,40.000000,2.000000,44,1.000000,0.000352,64000.000000,5.000000
NVIDIA A100-SXM4-40GB,1,0,circles_spatial3D_rtc,200,64000,40.000000,2.000000,45,1.000000,0.000352,64000.000000,5.000000
NVIDIA A100-SXM4-40GB,1,0,circles_spatial3D_rtc,200,64000,40.000000,2.000000,46,1.000000,0.000352,64000.000000,5.000000
NVIDIA A100-SXM4-40GB,1,0,circles_spatial3D_rtc,200,64000,40.000000,2.000000,47,1.000000,0.000341,64000.000000,5.000000
NVIDIA A100-SXM4-40GB,1,0,circles_spatial3D_rtc,200,64000,40.000000,2.000000,48,1.000000,0.000352,64000.000000,5.000000
NVIDIA A100-SXM4-40GB,1,0,circles_spatial3D_rtc,200,64000,40.000000,2.000000,49,1.000000,0.000343,64000.000000,5.000000
NVIDIA A100-SXM4-40GB,1,0,circles_spatial3D_rtc,200,64000,40.000000,2.000000,50,1.000000,0.000384,64000.000000,5.000000
NVIDIA A100-SXM4-40GB,1,0,circles_spatial3D_rtc,200,64000,40.000000,2.000000,51,1.000000,0.000341,64000.000000,5.000000
NVIDIA A100-SXM4-40GB,1,0,circles_spatial3D_rtc,200,64000,40.000000,2.000000,52,1.000000,0.000353,64000.000000,5.000000
NVIDIA A100-SXM4-40GB,1,0,circles_spatial3D_rtc,200,64000,40.000000,2.000000,53,1.000000,0.000343,64000.000000,5.000000
NVIDIA A100-SXM4-40GB,1,0,circles_spatial3D_rtc,200,64000,40.000000,2.000000,54,1.000000,0.000353,64000.000000,5.000000
NVIDIA A100-SXM4-40GB,1,0,circles_spatial3D_rtc,200,64000,40.000000,2.000000,55,1.000000,0.000351,64000.000000,5.000000
NVIDIA A100-SXM4-40GB,1,0,circles_spatial3D_rtc,200,64000,40.000000,2.000000,56,1.000000,0.000353,64000.000000,5.000000
NVIDIA A100-SXM4-40GB,1,0,circles_spatial3D_rtc,200,64000,40.000000,2.000000,57,1.000000,0.000343,64000.000000,5.000000
NVIDIA A100-SXM4-40GB,1,0,circles_spatial3D_rtc,200,64000,40.000000,2.000000,58,1.000000,0.000353,64000.000000,5.000000
NVIDIA A100-SXM4-40GB,1,0,circles_spatial3D_rtc,200,64000,40.000000,2.000000,59,1.000000,0.000343,64000.000000,5.000000
NVIDIA A100-SXM4-40GB,1,0,circles_spatial3D_rtc,200,64000,40.000000,2.000000,60,1.000000,0.000384,64000.000000,5.000000
NVIDIA A100-SXM4-40GB,1,0,circles_spatial3D_rtc,200,64000,40.000000,2.000000,61,1.000000,0.000343,64000.000000,5.000000
NVIDIA A100-SXM4-40GB,1,0,circles_spatial3D_rtc,200,64000,40.000000,2.000000,62,1.000000,0.000354,64000.000000,5.000000
NVIDIA A100-SXM4-40GB,1,0,circles_spatial3D_rtc,200,64000,40.000000,2.000000,63,1.000000,0.000344,64000.000000,5.000000
NVIDIA A100-SXM4-40GB,1,0,circles_spatial3D_rtc,200,64000,40.000000,2.000000,64,1.000000,0.000354,64000.000000,5.000000
NVIDIA A100-SXM4-40GB,1,0,circles_spatial3D_rtc,200,64000,40.000000,2.000000,65,1.000000,0.000357,64000.000000,5.000000
NVIDIA A100-SXM4-40GB,1,0,circles_spatial3D_rtc,200,64000,40.000000,2.000000,66,1.000000,0.000356,64000.000000,5.000000
NVIDIA A100-SXM4-40GB,1,0,circles_spatial3D_rtc,200,64000,40.000000,2.000000,67,1.000000,0.000345,64000.000000,5.000000
NVIDIA A100-SXM4-40GB,1,0,circles_spatial3D_rtc,200,64000,40.000000,2.000000,68,1.000000,0.000356,64000.000000,5.000000
NVIDIA A100-SXM4-40GB,1,0,circles_spatial3D_rtc,200,64000,40.000000,2.000000,69,1.000000,0.000345,64000.000000,5.000000
NVIDIA A100-SXM4-40GB,1,0,circles_spatial3D_rtc,200,64000,40.000000,2.000000,70,1.000000,0.000378,64000.000000,5.000000
NVIDIA A100-SXM4-40GB,1,0,circles_spatial3D_rtc,200,64000,40.000000,2.000000,71,1.000000,0.000345,64000.000000,5.000000
NVIDIA A100-SXM4-40GB,1,0,circles_spatial3D_rtc,200,64000,40.000000,2.000000,72,1.000000,0.000362,64000.000000,5.000000
NVIDIA A100-SXM4-40GB,1,0,circles_spatial3D_rtc,200,64000,40.000000,2.000000,73,1.000000,0.000345,64000.000000,5.000000
NVIDIA A100-SXM4-40GB,1,0,circles_spatial3D_rtc,200,64000,40.000000,2.000000,74,1.000000,0.000358,64000.000000,5.000000
NVIDIA A100-SXM4-40GB,1,0,circles_spatial3D_rtc,200,64000,40.000000,2.000000,75,1.000000,0.000358,64000.000000,5.000000
NVIDIA A100-SXM4-40GB,1,0,circles_spatial3D_rtc,200,64000,40.000000,2.000000,76,1.000000,0.000359,64000.000000,5.000000
NVIDIA A100-SXM4-40GB,1,0,circles_spatial3D_rtc,200,64000,40.000000,2.000000,77,1.000000,0.000347,64000.000000,5.000000
NVIDIA A100-SXM4-40GB,1,0,circles_spatial3D_rtc,200,64000,40.000000,2.000000,78,1.000000,0.000358,64000.000000,5.000000
NVIDIA A100-SXM4-40GB,1,0,circles_spatial3D_rtc,200,64000,40.000000,2.000000,79,1.000000,0.000347,64000.000000,5.000000
NVIDIA A100-SXM4-40GB,1,0,circles_spatial3D_rtc,200,64000,40.000000,2.000000,80,1.000000,0.000394,64000.000000,5.000000
NVIDIA A100-SXM4-40GB,1,0,circles_spatial3D_rtc,200,64000,40.000000,2.000000,81,1.000000,0.000348,64000.000000,5.000000
NVIDIA A100-SXM4-40GB,1,0,circles_spatial3D_rtc,200,64000,40.000000,2.000000,82,1.000000,0.000359,64000.000000,5.000000
NVIDIA A100-SXM4-40GB,1,0,circles_spatial3D_rtc,200,64000,40.000000,2.000000,83,1.000000,0.000349,64000.000000,5.000000
NVIDIA A100-SXM4-40GB,1,0,circles_spatial3D_rtc,200,64000,40.000000,2.000000,84,1.000000,0.000357,64000.000000,5.000000
NVIDIA A100-SXM4-40GB,1,0,circles_spatial3D_rtc,200,64000,40.000000,2.000000,85,1.000000,0.000360,64000.000000,5.000000
NVIDIA A100-SXM4-40GB,1,0,circles_spatial3D_rtc,200,64000,40.000000,2.000000,86,1.000000,0.000364,64000.000000,5.000000
NVIDIA A100-SXM4-40GB,1,0,circles_spatial3D_rtc,200,64000,40.000000,2.000000,87,1.000000,0.000348,64000.000000,5.000000
NVIDIA A100-SXM4-40GB,1,0,circles_spatial3D_rtc,200,64000,40.000000,2.000000,88,1.000000,0.000360,64000.000000,5.000000
NVIDIA A100-SXM4-40GB,1,0,circles_spatial3D_rtc,200,64000,40.000000,2.000000,89,1.000000,0.000350,64000.000000,5.000000
NVIDIA A100-SXM4-40GB,1,0,circles_spatial3D_rtc,200,64000,40.000000,2.000000,90,1.000000,0.000382,64000.000000,5.000000
NVIDIA A100-SXM4-40GB,1,0,circles_spatial3D_rtc,200,64000,40.000000,2.000000,91,1.000000,0.000355,64000.000000,5.000000
NVIDIA A100-SXM4-40GB,1,0,circles_spatial3D_rtc,200,64000,40.000000,2.000000,92,1.000000,0.000361,64000.000000,5.000000
NVIDIA A100-SXM4-40GB,1,0,circles_spatial3D_rtc,200,64000,40.000000,2.000000,93,1.000000,0.000350,64000.000000,5.000000
NVIDIA A100-SXM4-40GB,1,0,circles_spatial3D_rtc,200,64000,40.000000,2.000000,94,1.000000,0.000361,64000.000000,5.000000
NVIDIA A100-SXM4-40GB,1,0,circles_spatial3D_rtc,200,64000,40.000000,2.000000,95,1.000000,0.000362,64000.000000,5.000000
NVIDIA A100-SXM4-40GB,1,0,circles_spatial3D_rtc,200,64000,40.000000,2.000000,96,1.000000,0.000365,64000.000000,5.000000
NVIDIA A100-SXM4-40GB,1,0,circles_spatial3D_rtc,200,64000,40.000000,2.000000,97,1.000000,0.000351,64000.000000,5.000000
NVIDIA A100-SXM4-40GB,1,0,circles_spatial3D_rtc,200,64000,40.000000,2.000000,98,1.000000,0.000362,64000.000000,5.000000
NVIDIA A100-SXM4-40GB,1,0,circles_spatial3D_rtc,200,64000,40.000000,2.000000,99,1.000000,0.000358,64000.000000,5.000000
NVIDIA A100-SXM4-40GB,1,0,circles_spatial3D_rtc,200,64000,40.000000,2.000000,100,1.000000,0.000409,64000.000000,5.000000
NVIDIA A100-SXM4-40GB,1,0,circles_spatial3D_rtc,200,64000,40.000000,2.000000,101,1.000000,0.000343,64000.000000,5.000000
NVIDIA A100-SXM4-40GB,1,0,circles_spatial3D_rtc,200,64000,40.000000,2.000000,102,1.000000,0.000353,64000.000000,5.000000
NVIDIA A100-SXM4-40GB,1,0,circles_spatial3D_rtc,200,64000,40.000000,2.000000,103,1.000000,0.000343,64000.000000,5.000000
NVIDIA A100-SXM4-40GB,1,0,circles_spatial3D_rtc,200,64000,40.000000,2.000000,104,1.000000,0.000354,64000.000000,5.000000
NVIDIA A100-SXM4-40GB,1,0,circles_spatial3D_rtc,200,64000,40.000000,2.000000,105,1.000000,0.000355,64000.000000,5.000000
NVIDIA A100-SXM4-40GB,1,0,circles_spatial3D_rtc,200,64000,40.000000,2.000000,106,1.000000,0.000356,64000.000000,5.000000
NVIDIA A100-SXM4-40GB,1,0,circles_spatial3D_rtc,200,64000,40.000000,2.000000,107,1.000000,0.000346,64000.000000,5.000000
NVIDIA A100-SXM4-40GB,1,0,circles_spatial3D_rtc,200,64000,40.000000,2.000000,108,1.000000,0.000355,64000.000000,5.000000
NVIDIA A100-SXM4-40GB,1,0,circles_spatial3D_rtc,200,64000,40.000000,2.000000,109,1.000000,0.000346,64000.000000,5.000000
NVIDIA A100-SXM4-40GB,1,0,circles_spatial3D_rtc,200,64000,40.000000,2.000000,110,1.000000,0.000377,64000.000000,5.000000
NVIDIA A100-SXM4-40GB,1,0,circles_spatial3D_rtc,200,64000,40.000000,2.000000,111,1.000000,0.000345,64000.000000,5.000000
NVIDIA A100-SXM4-40GB,1,0,circles_spatial3D_rtc,200,64000,40.000000,2.000000,112,1.000000,0.000356,64000.000000,5.000000
NVIDIA A100-SXM4-40GB,1,0,circles_spatial3D_rtc,200,64000,40.000000,2.000000,113,1.000000,0.000346,64000.000000,5.000000
NVIDIA A100-SXM4-40GB,1,0,circles_spatial3D_rtc,200,64000,40.000000,2.000000,114,1.000000,0.000358,64000.000000,5.000000
NVIDIA A100-SXM4-40GB,1,0,circles_spatial3D_rtc,200,64000,40.000000,2.000000,115,1.000000,0.000358,64000.000000,5.000000
NVIDIA A100-SXM4-40GB,1,0,circles_spatial3D_rtc,200,64000,40.000000,2.000000,116,1.000000,0.000360,64000.000000,5.000000
NVIDIA A100-SXM4-40GB,1,0,circles_spatial3D_rtc,200,64000,40.000000,2.000000,117,1.000000,0.000349,64000.000000,5.000000
NVIDIA A100-SXM4-40GB,1,0,circles_spatial3D_rtc,200,64000,40.000000,2.000000,118,1.000000,0.000361,64000.000000,5.000000
NVIDIA A100-SXM4-40GB,1,0,circles_spatial3D_rtc,200,64000,40.000000,2.000000,119,1.000000,0.000349,64000.000000,5.000000
NVIDIA A100-SXM4-40GB,1,0,circles_spatial3D_rtc,200,64000,40.000000,2.000000,120,1.000000,0.000391,64000.000000,5.000000
NVIDIA A100-SXM4-40GB,1,0,circles_spatial3D_rtc,200,64000,40.000000,2.000000,121,1.000000,0.000349,64000.000000,5.000000
NVIDIA A100-SXM4-40GB,1,0,circles_spatial3D_rtc,200,64000,40.000000,2.000000,122,1.000000,0.000359,64000.000000,5.000000
NVIDIA A100-SXM4-40GB,1,0,circles_spatial3D_rtc,200,64000,40.000000,2.000000,123,1.000000,0.000349,64000.000000,5.000000
NVIDIA A100-SXM4-40GB,1,0,circles_spatial3D_rtc,200,64000,40.000000,2.000000,124,1.000000,0.000362,64000.000000,5.000000
NVIDIA A100-SXM4-40GB,1,0,circles_spatial3D_rtc,200,64000,40.000000,2.000000,125,1.000000,0.000359,64000.000000,5.000000
NVIDIA A100-SXM4-40GB,1,0,circles_spatial3D_rtc,200,64000,40.000000,2.000000,126,1.000000,0.000361,64000.000000,5.000000
NVIDIA A100-SXM4-40GB,1,0,circles_spatial3D_rtc,200,64000,40.000000,2.000000,127,1.000000,0.000351,64000.000000,5.000000
NVIDIA A100-SXM4-40GB,1,0,circles_spatial3D_rtc,200,64000,40.000000,2.000000,128,1.000000,0.000361,64000.000000,5.000000
NVIDIA A100-SXM4-40GB,1,0,circles_spatial3D_rtc,200,64000,40.000000,2.000000,129,1.000000,0.000351,64000.000000,5.000000
NVIDIA A100-SXM4-40GB,1,0,circles_spatial3D_rtc,200,64000,40.000000,2.000000,130,1.000000,0.000383,64000.000000,5.000000
NVIDIA A100-SXM4-40GB,1,0,circles_spatial3D_rtc,200,64000,40.000000,2.000000,131,1.000000,0.000353,64000.000000,5.000000
NVIDIA A100-SXM4-40GB,1,0,circles_spatial3D_rtc,200,64000,40.000000,2.000000,132,1.000000,0.000365,64000.000000,5.000000
NVIDIA A100-SXM4-40GB,1,0,circles_spatial3D_rtc,200,64000,40.000000,2.000000,133,1.000000,0.000353,64000.000000,5.000000
NVIDIA A100-SXM4-40GB,1,0,circles_spatial3D_rtc,200,64000,40.000000,2.000000,134,1.000000,0.000364,64000.000000,5.000000
NVIDIA A100-SXM4-40GB,1,0,circles_spatial3D_rtc,200,64000,40.000000,2.000000,135,1.000000,0.000370,64000.000000,5.000000
NVIDIA A100-SXM4-40GB,1,0,circles_spatial3D_rtc,200,64000,40.000000,2.000000,136,1.000000,0.000367,64000.000000,5.000000
NVIDIA A100-SXM4-40GB,1,0,circles_spatial3D_rtc,200,64000,40.000000,2.000000,137,1.000000,0.000355,64000.000000,5.000000
NVIDIA A100-SXM4-40GB,1,0,circles_spatial3D_rtc,200,64000,40.000000,2.000000,138,1.000000,0.000365,64000.000000,5.000000
NVIDIA A100-SXM4-40GB,1,0,circles_spatial3D_rtc,200,64000,40.000000,2.000000,139,1.000000,0.000357,64000.000000,5.000000
NVIDIA A100-SXM4-40GB,1,0,circles_spatial3D_rtc,200,64000,40.000000,2.000000,140,1.000000,0.000397,64000.000000,5.000000
NVIDIA A100-SXM4-40GB,1,0,circles_spatial3D_rtc,200,64000,40.000000,2.000000,141,1.000000,0.000354,64000.000000,5.000000
NVIDIA A100-SXM4-40GB,1,0,circles_spatial3D_rtc,200,64000,40.000000,2.000000,142,1.000000,0.000365,64000.000000,5.000000
NVIDIA A100-SXM4-40GB,1,0,circles_spatial3D_rtc,200,64000,40.000000,2.000000,143,1.000000,0.000355,64000.000000,5.000000
NVIDIA A100-SXM4-40GB,1,0,circles_spatial3D_rtc,200,64000,40.000000,2.000000,144,1.000000,0.000367,64000.000000,5.000000
NVIDIA A100-SXM4-40GB,1,0,circles_spatial3D_rtc,200,64000,40.000000,2.000000,145,1.000000,0.000367,64000.000000,5.000000
NVIDIA A100-SXM4-40GB,1,0,circles_spatial3D_rtc,200,64000,40.000000,2.000000,146,1.000000,0.000367,64000.000000,5.000000
NVIDIA A100-SXM4-40GB,1,0,circles_spatial3D_rtc,200,64000,40.000000,2.000000,147,1.000000,0.000353,64000.000000,5.000000
NVIDIA A100-SXM4-40GB,1,0,circles_spatial3D_rtc,200,64000,40.000000,2.000000,148,1.000000,0.000365,64000.000000,5.000000
NVIDIA A100-SXM4-40GB,1,0,circles_spatial3D_rtc,200,64000,40.000000,2.000000,149,1.000000,0.000356,64000.000000,5.000000
NVIDIA A100-SXM4-40GB,1,0,circles_spatial3D_rtc,200,64000,40.000000,2.000000,150,1.000000,0.000399,64000.000000,5.000000
NVIDIA A100-SXM4-40GB,1,0,circles_spatial3D_rtc,200,64000,40.000000,2.000000,151,1.000000,0.000354,64000.000000,5.000000
NVIDIA A100-SXM4-40GB,1,0,circles_spatial3D_rtc,200,64000,40.000000,2.000000,152,1.000000,0.000368,64000.000000,5.000000
NVIDIA A100-SXM4-40GB,1,0,circles_spatial3D_rtc,200,64000,40.000000,2.000000,153,1.000000,0.000356,64000.000000,5.000000
NVIDIA A100-SXM4-40GB,1,0,circles_spatial3D_rtc,200,64000,40.000000,2.000000,154,1.000000,0.000372,64000.000000,5.000000
NVIDIA A100-SXM4-40GB,1,0,circles_spatial3D_rtc,200,64000,40.000000,2.000000,155,1.000000,0.000370,64000.000000,5.000000
NVIDIA A100-SXM4-40GB,1,0,circles_spatial3D_rtc,200,64000,40.000000,2.000000,156,1.000000,0.000367,64000.000000,5.000000
NVIDIA A100-SXM4-40GB,1,0,circles_spatial3D_rtc,200,64000,40.000000,2.000000,157,1.000000,0.000357,64000.000000,5.000000
NVIDIA A100-SXM4-40GB,1,0,circles_spatial3D_rtc,200,64000,40.000000,2.000000,158,1.000000,0.000368,64000.000000,5.000000
NVIDIA A100-SXM4-40GB,1,0,circles_spatial3D_rtc,200,64000,40.000000,2.000000,159,1.000000,0.000356,64000.000000,5.000000
NVIDIA A100-SXM4-40GB,1,0,circles_spatial3D_rtc,200,64000,40.000000,2.000000,160,1.000000,0.000401,64000.000000,5.000000
NVIDIA A100-SXM4-40GB,1,0,circles_spatial3D_rtc,200,64000,40.000000,2.000000,161,1.000000,0.000359,64000.000000,5.000000
NVIDIA A100-SXM4-40GB,1,0,circles_spatial3D_rtc,200,64000,40.000000,2.000000,162,1.000000,0.000371,64000.000000,5.000000
NVIDIA A100-SXM4-40GB,1,0,circles_spatial3D_rtc,200,64000,40.000000,2.000000,163,1.000000,0.000361,64000.000000,5.000000
NVIDIA A100-SXM4-40GB,1,0,circles_spatial3D_rtc,200,64000,40.000000,2.000000,164,1.000000,0.000371,64000.000000,5.000000
NVIDIA A100-SXM4-40GB,1,0,circles_spatial3D_rtc,200,64000,40.000000,2.000000,165,1.000000,0.000371,64000.000000,5.000000
NVIDIA A100-SXM4-40GB,1,0,circles_spatial3D_rtc,200,64000,40.000000,2.000000,166,1.000000,0.000371,64000.000000,5.000000
NVIDIA A100-SXM4-40GB,1,0,circles_spatial3D_rtc,200,64000,40.000000,2.000000,167,1.000000,0.000367,64000.000000,5.000000
NVIDIA A100-SXM4-40GB,1,0,circles_spatial3D_rtc,200,64000,40.000000,2.000000,168,1.000000,0.000372,64000.000000,5.000000
NVIDIA A100-SXM4-40GB,1,0,circles_spatial3D_rtc,200,64000,40.000000,2.000000,169,1.000000,0.000363,64000.000000,5.000000
NVIDIA A100-SXM4-40GB,1,0,circles_spatial3D_rtc,200,64000,40.000000,2.000000,170,1.000000,0.000394,64000.000000,5.000000
NVIDIA A100-SXM4-40GB,1,0,circles_spatial3D_rtc,200,64000,40.000000,2.000000,171,1.000000,0.000363,64000.000000,5.000000
NVIDIA A100-SXM4-40GB,1,0,circles_spatial3D_rtc,200,64000,40.000000,2.000000,172,1.000000,0.000371,64000.000000,5.000000
NVIDIA A100-SXM4-40GB,1,0,circles_spatial3D_rtc,200,64000,40.000000,2.000000,173,1.000000,0.000361,64000.000000,5.000000
NVIDIA A100-SXM4-40GB,1,0,circles_spatial3D_rtc,200,64000,40.000000,2.000000,174,1.000000,0.000372,64000.000000,5.000000
NVIDIA A100-SXM4-40GB,1,0,circles_spatial3D_rtc,200,64000,40.000000,2.000000,175,1.000000,0.000372,64000.000000,5.000000
NVIDIA A100-SXM4-40GB,1,0,circles_spatial3D_rtc,200,64000,40.000000,2.000000,176,1.000000,0.000376,64000.000000,5.000000
NVIDIA A100-SXM4-40GB,1,0,circles_spatial3D_rtc,200,64000,40.000000,2.000000,177,1.000000,0.000362,64000.000000,5.000000
NVIDIA A100-SXM4-40GB,1,0,circles_spatial3D_rtc,200,64000,40.000000,2.000000,178,1.000000,0.000373,64000.000000,5.000000
NVIDIA A100-SXM4-40GB,1,0,circles_spatial3D_rtc,200,64000,40.000000,2.000000,179,1.000000,0.000363,64000.000000,5.000000
NVIDIA A100-SXM4-40GB,1,0,circles_spatial3D_rtc,200,64000,40.000000,2.000000,180,1.000000,0.000404,64000.000000,5.000000
NVIDIA A100-SXM4-40GB,1,0,circles_spatial3D_rtc,200,64000,40.000000,2.000000,181,1.000000,0.000360,64000.000000,5.000000
NVIDIA A100-SXM4-40GB,1,0,circles_spatial3D_rtc,200,64000,40.000000,2.000000,182,1.000000,0.000370,64000.000000,5.000000
NVIDIA A100-SXM4-40GB,1,0,circles_spatial3D_rtc,200,64000,40.000000,2.000000,183,1.000000,0.000360,64000.000000,5.000000
NVIDIA A100-SXM4-40GB,1,0,circles_spatial3D_rtc,200,64000,40.000000,2.000000,184,1.000000,0.000371,64000.000000,5.000000
NVIDIA A100-SXM4-40GB,1,0,circles_spatial3D_rtc,200,64000,40.000000,2.000000,185,1.000000,0.000373,64000.000000,5.000000
NVIDIA A100-SXM4-40GB,1,0,circles_spatial3D_rtc,200,64000,40.000000,2.000000,186,1.000000,0.000374,64000.000000,5.000000
NVIDIA A100-SXM4-40GB,1,0,circles_spatial3D_rtc,200,64000,40.000000,2.000000,187,1.000000,0.000364,64000.000000,5.000000
NVIDIA A100-SXM4-40GB,1,0,circles_spatial3D_rtc,200,64000,40.000000,2.000000,188,1.000000,0.000372,64000.000000,5.000000
NVIDIA A100-SXM4-40GB,1,0,circles_spatial3D_rtc,200,64000,40.000000,2.000000,189,1.000000,0.000364,64000.000000,5.000000
NVIDIA A100-SXM4-40GB,1,0,circles_spatial3D_rtc,200,64000,40.000000,2.000000,190,1.000000,0.000393,64000.000000,5.000000
NVIDIA A100-SXM4-40GB,1,0,circles_spatial3D_rtc,200,64000,40.000000,2.000000,191,1.000000,0.000364,64000.000000,5.000000
NVIDIA A100-SXM4-40GB,1,0,circles_spatial3D_rtc,200,64000,40.000000,2.000000,192,1.000000,0.000373,64000.000000,5.000000
NVIDIA A100-SXM4-40GB,1,0,circles_spatial3D_rtc,200,64000,40.000000,2.000000,193,1.000000,0.000364,64000.000000,5.000000
NVIDIA A100-SXM4-40GB,1,0,circles_spatial3D_rtc,200,64000,40.000000,2.000000,194,1.000000,0.000375,64000.000000,5.000000
NVIDIA A100-SXM4-40GB,1,0,circles_spatial3D_rtc,200,64000,40.000000,2.000000,195,1.000000,0.000384,64000.000000,5.000000
NVIDIA A100-SXM4-40GB,1,0,circles_spatial3D_rtc,200,64000,40.000000,2.000000,196,1.000000,0.000379,64000.000000,5.000000
NVIDIA A100-SXM4-40GB,1,0,circles_spatial3D_rtc,200,64000,40.000000,2.000000,197,1.000000,0.000364,64000.000000,5.000000
NVIDIA A100-SXM4-40GB,1,0,circles_spatial3D_rtc,200,64000,40.000000,2.000000,198,1.000000,0.000376,64000.000000,5.000000
NVIDIA A100-SXM4-40GB,1,0,circles_spatial3D_rtc,200,64000,40.000000,2.000000,199,1.000000,0.000371,64000.000000,5.000000
NVIDIA A100-SXM4-40GB,1,0,circles_spatial3D_rtc,200,64000,40.000000,4.000000,0,1.000000,0.002423,64000.000000,10.000000
NVIDIA A100-SXM4-40GB,1,0,circles_spatial3D_rtc,200,64000,40.000000,4.000000,1,1.000000,0.001356,64000.000000,10.000000
NVIDIA A100-SXM4-40GB,1,0,circles_spatial3D_rtc,200,64000,40.000000,4.000000,2,1.000000,0.001349,64000.000000,10.000000
NVIDIA A100-SXM4-40GB,1,0,circles_spatial3D_rtc,200,64000,40.000000,4.000000,3,1.000000,0.001338,64000.000000,10.000000
NVIDIA A100-SXM4-40GB,1,0,circles_spatial3D_rtc,200,64000,40.000000,4.000000,4,1.000000,0.001342,64000.000000,10.000000
NVIDIA A100-SXM4-40GB,1,0,circles_spatial3D_rtc,200,64000,40.000000,4.000000,5,1.000000,0.001345,64000.000000,10.000000
NVIDIA A100-SXM4-40GB,1,0,circles_spatial3D_rtc,200,64000,40.000000,4.000000,6,1.000000,0.001349,64000.000000,10.000000
NVIDIA A100-SXM4-40GB,1,0,circles_spatial3D_rtc,200,64000,40.000000,4.000000,7,1.000000,0.001345,64000.000000,10.000000
NVIDIA A100-SXM4-40GB,1,0,circles_spatial3D_rtc,200,64000,40.000000,4.000000,8,1.000000,0.001351,64000.000000,10.000000
NVIDIA A100-SXM4-40GB,1,0,circles_spatial3D_rtc,200,64000,40.000000,4.000000,9,1.000000,0.001344,64000.000000,10.000000
NVIDIA A100-SXM4-40GB,1,0,circles_spatial3D_rtc,200,64000,40.000000,4.000000,10,1.000000,0.001364,64000.000000,10.000000
NVIDIA A100-SXM4-40GB,1,0,circles_spatial3D_rtc,200,64000,40.000000,4.000000,11,1.000000,0.001341,64000.000000,10.000000
NVIDIA A100-SXM4-40GB,1,0,circles_spatial3D_rtc,200,64000,40.000000,4.000000,12,1.000000,0.001345,64000.000000,10.000000
NVIDIA A100-SXM4-40GB,1,0,circles_spatial3D_rtc,200,64000,40.000000,4.000000,13,1.000000,0.001340,64000.000000,10.000000
NVIDIA A100-SXM4-40GB,1,0,circles_spatial3D_rtc,200,64000,40.000000,4.000000,14,1.000000,0.001348,64000.000000,10.000000
NVIDIA A100-SXM4-40GB,1,0,circles_spatial3D_rtc,200,64000,40.000000,4.000000,15,1.000000,0.001352,64000.000000,10.000000
NVIDIA A100-SXM4-40GB,1,0,circles_spatial3D_rtc,200,64000,40.000000,4.000000,16,1.000000,0.001352,64000.000000,10.000000
NVIDIA A100-SXM4-40GB,1,0,circles_spatial3D_rtc,200,64000,40.000000,4.000000,17,1.000000,0.001346,64000.000000,10.000000
NVIDIA A100-SXM4-40GB,1,0,circles_spatial3D_rtc,200,64000,40.000000,4.000000,18,1.000000,0.001354,64000.000000,10.000000
NVIDIA A100-SXM4-40GB,1,0,circles_spatial3D_rtc,200,64000,40.000000,4.000000,19,1.000000,0.001347,64000.000000,10.000000
NVIDIA A100-SXM4-40GB,1,0,circles_spatial3D_rtc,200,64000,40.000000,4.000000,20,1.000000,0.001379,64000.000000,10.000000
NVIDIA A100-SXM4-40GB,1,0,circles_spatial3D_rtc,200,64000,40.000000,4.000000,21,1.000000,0.001347,64000.000000,10.000000
NVIDIA A100-SXM4-40GB,1,0,circles_spatial3D_rtc,200,64000,40.000000,4.000000,22,1.000000,0.001352,64000.000000,10.000000
NVIDIA A100-SXM4-40GB,1,0,circles_spatial3D_rtc,200,64000,40.000000,4.000000,23,1.000000,0.001346,64000.000000,10.000000
NVIDIA A100-SXM4-40GB,1,0,circles_spatial3D_rtc,200,64000,40.000000,4.000000,24,1.000000,0.001354,64000.000000,10.000000
NVIDIA A100-SXM4-40GB,1,0,circles_spatial3D_rtc,200,64000,40.000000,4.000000,25,1.000000,0.001353,64000.000000,10.000000
NVIDIA A100-SXM4-40GB,1,0,circles_spatial3D_rtc,200,64000,40.000000,4.000000,26,1.000000,0.001362,64000.000000,10.000000
NVIDIA A100-SXM4-40GB,1,0,circles_spatial3D_rtc,200,64000,40.000000,4.000000,27,1.000000,0.001350,64000.000000,10.000000
NVIDIA A100-SXM4-40GB,1,0,circles_spatial3D_rtc,200,64000,40.000000,4.000000,28,1.000000,0.001353,64000.000000,10.000000
NVIDIA A100-SXM4-40GB,1,0,circles_spatial3D_rtc,200,64000,40.000000,4.000000,29,1.000000,0.001345,64000.000000,10.000000
NVIDIA A100-SXM4-40GB,1,0,circles_spatial3D_rtc,200,64000,40.000000,4.000000,30,1.000000,0.001368,64000.000000,10.000000
NVIDIA A100-SXM4-40GB,1,0,circles_spatial3D_rtc,200,64000,40.000000,4.000000,31,1.000000,0.001345,64000.000000,10.000000
NVIDIA A100-SXM4-40GB,1,0,circles_spatial3D_rtc,200,64000,40.000000,4.000000,32,1.000000,0.001351,64000.000000,10.000000
NVIDIA A100-SXM4-40GB,1,0,circles_spatial3D_rtc,200,64000,40.000000,4.000000,33,1.000000,0.001343,64000.000000,10.000000
NVIDIA A100-SXM4-40GB,1,0,circles_spatial3D_rtc,200,64000,40.000000,4.000000,34,1.000000,0.001353,64000.000000,10.000000
NVIDIA A100-SXM4-40GB,1,0,circles_spatial3D_rtc,200,64000,40.000000,4.000000,35,1.000000,0.001355,64000.000000,10.000000
NVIDIA A100-SXM4-40GB,1,0,circles_spatial3D_rtc,200,64000,40.000000,4.000000,36,1.000000,0.001351,64000.000000,10.000000
NVIDIA A100-SXM4-40GB,1,0,circles_spatial3D_rtc,200,64000,40.000000,4.000000,37,1.000000,0.001343,64000.000000,10.000000
NVIDIA A100-SXM4-40GB,1,0,circles_spatial3D_rtc,200,64000,40.000000,4.000000,38,1.000000,0.001349,64000.000000,10.000000
NVIDIA A100-SXM4-40GB,1,0,circles_spatial3D_rtc,200,64000,40.000000,4.000000,39,1.000000,0.001342,64000.000000,10.000000
NVIDIA A100-SXM4-40GB,1,0,circles_spatial3D_rtc,200,64000,40.000000,4.000000,40,1.000000,0.001375,64000.000000,10.000000
NVIDIA A100-SXM4-40GB,1,0,circles_spatial3D_rtc,200,64000,40.000000,4.000000,41,1.000000,0.001347,64000.000000,10.000000
NVIDIA A100-SXM4-40GB,1,0,circles_spatial3D_rtc,200,64000,40.000000,4.000000,42,1.000000,0.001353,64000.000000,10.000000
NVIDIA A100-SXM4-40GB,1,0,circles_spatial3D_rtc,200,64000,40.000000,4.000000,43,1.000000,0.001347,64000.000000,10.000000
NVIDIA A100-SXM4-40GB,1,0,circles_spatial3D_rtc,200,64000,40.000000,4.000000,44,1.000000,0.001355,64000.000000,10.000000
NVIDIA A100-SXM4-40GB,1,0,circles_spatial3D_rtc,200,64000,40.000000,4.000000,45,1.000000,0.001356,64000.000000,10.000000
NVIDIA A100-SXM4-40GB,1,0,circles_spatial3D_rtc,200,64000,40.000000,4.000000,46,1.000000,0.001354,64000.000000,10.000000
NVIDIA A100-SXM4-40GB,1,0,circles_spatial3D_rtc,200,64000,40.000000,4.000000,47,1.000000,0.001345,64000.000000,10.000000
NVIDIA A100-SXM4-40GB,1,0,circles_spatial3D_rtc,200,64000,40.000000,4.000000,48,1.000000,0.001352,64000.000000,10.000000
NVIDIA A100-SXM4-40GB,1,0,circles_spatial3D_rtc,200,64000,40.000000,4.000000,49,1.000000,0.001347,64000.000000,10.000000
NVIDIA A100-SXM4-40GB,1,0,circles_spatial3D_rtc,200,64000,40.000000,4.000000,50,1.000000,0.001376,64000.000000,10.000000
NVIDIA A100-SXM4-40GB,1,0,circles_spatial3D_rtc,200,64000,40.000000,4.000000,51,1.000000,0.001345,64000.000000,10.000000
NVIDIA A100-SXM4-40GB,1,0,circles_spatial3D_rtc,200,64000,40.000000,4.000000,52,1.000000,0.001352,64000.000000,10.000000
NVIDIA A100-SXM4-40GB,1,0,circles_spatial3D_rtc,200,64000,40.000000,4.000000,53,1.000000,0.001348,64000.000000,10.000000
NVIDIA A100-SXM4-40GB,1,0,circles_spatial3D_rtc,200,64000,40.000000,4.000000,54,1.000000,0.001353,64000.000000,10.000000
NVIDIA A100-SXM4-40GB,1,0,circles_spatial3D_rtc,200,64000,40.000000,4.000000,55,1.000000,0.001353,64000.000000,10.000000
NVIDIA A100-SXM4-40GB,1,0,circles_spatial3D_rtc,200,64000,40.000000,4.000000,56,1.000000,0.001354,64000.000000,10.000000
NVIDIA A100-SXM4-40GB,1,0,circles_spatial3D_rtc,200,64000,40.000000,4.000000,57,1.000000,0.001352,64000.000000,10.000000
NVIDIA A100-SXM4-40GB,1,0,circles_spatial3D_rtc,200,64000,40.000000,4.000000,58,1.000000,0.001359,64000.000000,10.000000
NVIDIA A100-SXM4-40GB,1,0,circles_spatial3D_rtc,200,64000,40.000000,4.000000,59,1.000000,0.001352,64000.000000,10.000000
NVIDIA A100-SXM4-40GB,1,0,circles_spatial3D_rtc,200,64000,40.000000,4.000000,60,1.000000,0.001380,64000.000000,10.000000
NVIDIA A100-SXM4-40GB,1,0,circles_spatial3D_rtc,200,64000,40.000000,4.000000,61,1.000000,0.001354,64000.000000,10.000000
NVIDIA A100-SXM4-40GB,1,0,circles_spatial3D_rtc,200,64000,40.000000,4.000000,62,1.000000,0.001362,64000.000000,10.000000
NVIDIA A100-SXM4-40GB,1,0,circles_spatial3D_rtc,200,64000,40.000000,4.000000,63,1.000000,0.001350,64000.000000,10.000000
NVIDIA A100-SXM4-40GB,1,0,circles_spatial3D_rtc,200,64000,40.000000,4.000000,64,1.000000,0.001360,64000.000000,10.000000
NVIDIA A100-SXM4-40GB,1,0,circles_spatial3D_rtc,200,64000,40.000000,4.000000,65,1.000000,0.001361,64000.000000,10.000000
NVIDIA A100-SXM4-40GB,1,0,circles_spatial3D_rtc,200,64000,40.000000,4.000000,66,1.000000,0.001359,64000.000000,10.000000
NVIDIA A100-SXM4-40GB,1,0,circles_spatial3D_rtc,200,64000,40.000000,4.000000,67,1.000000,0.001352,64000.000000,10.000000
NVIDIA A100-SXM4-40GB,1,0,circles_spatial3D_rtc,200,64000,40.000000,4.000000,68,1.000000,0.001364,64000.000000,10.000000
NVIDIA A100-SXM4-40GB,1,0,circles_spatial3D_rtc,200,64000,40.000000,4.000000,69,1.000000,0.001354,64000.000000,10.000000
NVIDIA A100-SXM4-40GB,1,0,circles_spatial3D_rtc,200,64000,40.000000,4.000000,70,1.000000,0.001375,64000.000000,10.000000
NVIDIA A100-SXM4-40GB,1,0,circles_spatial3D_rtc,200,64000,40.000000,4.000000,71,1.000000,0.001350,64000.000000,10.000000
NVIDIA A100-SXM4-40GB,1,0,circles_spatial3D_rtc,200,64000,40.000000,4.000000,72,1.000000,0.001361,64000.000000,10.000000
NVIDIA A100-SXM4-40GB,1,0,circles_spatial3D_rtc,200,64000,40.000000,4.000000,73,1.000000,0.001357,64000.000000,10.000000
NVIDIA A100-SXM4-40GB,1,0,circles_spatial3D_rtc,200,64000,40.000000,4.000000,74,1.000000,0.001360,64000.000000,10.000000
NVIDIA A100-SXM4-40GB,1,0,circles_spatial3D_rtc,200,64000,40.000000,4.000000,75,1.000000,0.001362,64000.000000,10.000000
NVIDIA A100-SXM4-40GB,1,0,circles_spatial3D_rtc,200,64000,40.000000,4.000000,76,1.000000,0.001359,64000.000000,10.000000
NVIDIA A100-SXM4-40GB,1,0,circles_spatial3D_rtc,200,64000,40.000000,4.000000,77,1.000000,0.001353,64000.000000,10.000000
NVIDIA A100-SXM4-40GB,1,0,circles_spatial3D_rtc,200,64000,40.000000,4.000000,78,1.000000,0.001360,64000.000000,10.000000
NVIDIA A100-SXM4-40GB,1,0,circles_spatial3D_rtc,200,64000,40.000000,4.000000,79,1.000000,0.001353,64000.000000,10.000000
NVIDIA A100-SXM4-40GB,1,0,circles_spatial3D_rtc,200,64000,40.000000,4.000000,80,1.000000,0.001394,64000.000000,10.000000
NVIDIA A100-SXM4-40GB,1,0,circles_spatial3D_rtc,200,64000,40.000000,4.000000,81,1.000000,0.001357,64000.000000,10.000000
NVIDIA A100-SXM4-40GB,1,0,circles_spatial3D_rtc,200,64000,40.000000,4.000000,82,1.000000,0.001362,64000.000000,10.000000
NVIDIA A100-SXM4-40GB,1,0,circles_spatial3D_rtc,200,64000,40.000000,4.000000,83,1.000000,0.001356,64000.000000,10.000000
NVIDIA A100-SXM4-40GB,1,0,circles_spatial3D_rtc,200,64000,40.000000,4.000000,84,1.000000,0.001365,64000.000000,10.000000
NVIDIA A100-SXM4-40GB,1,0,circles_spatial3D_rtc,200,64000,40.000000,4.000000,85,1.000000,0.001363,64000.000000,10.000000
NVIDIA A100-SXM4-40GB,1,0,circles_spatial3D_rtc,200,64000,40.000000,4.000000,86,1.000000,0.001362,64000.000000,10.000000
NVIDIA A100-SXM4-40GB,1,0,circles_spatial3D_rtc,200,64000,40.000000,4.000000,87,1.000000,0.001356,64000.000000,10.000000
NVIDIA A100-SXM4-40GB,1,0,circles_spatial3D_rtc,200,64000,40.000000,4.000000,88,1.000000,0.001363,64000.000000,10.000000
NVIDIA A100-SXM4-40GB,1,0,circles_spatial3D_rtc,200,64000,40.000000,4.000000,89,1.000000,0.001352,64000.000000,10.000000
NVIDIA A100-SXM4-40GB,1,0,circles_spatial3D_rtc,200,64000,40.000000,4.000000,90,1.000000,0.001376,64000.000000,10.000000
NVIDIA A100-SXM4-40GB,1,0,circles_spatial3D_rtc,200,64000,40.000000,4.000000,91,1.000000,0.001354,64000.000000,10.000000
NVIDIA A100-SXM4-40GB,1,0,circles_spatial3D_rtc,200,64000,40.000000,4.000000,92,1.000000,0.001362,64000.000000,10.000000
NVIDIA A100-SXM4-40GB,1,0,circles_spatial3D_rtc,200,64000,40.000000,4.000000,93,1.000000,0.001355,64000.000000,10.000000
NVIDIA A100-SXM4-40GB,1,0,circles_spatial3D_rtc,200,64000,40.000000,4.000000,94,1.000000,0.001363,64000.000000,10.000000
NVIDIA A100-SXM4-40GB,1,0,circles_spatial3D_rtc,200,64000,40.000000,4.000000,95,1.000000,0.001363,64000.000000,10.000000
NVIDIA A100-SXM4-40GB,1,0,circles_spatial3D_rtc,200,64000,40.000000,4.000000,96,1.000000,0.001361,64000.000000,10.000000
NVIDIA A100-SXM4-40GB,1,0,circles_spatial3D_rtc,200,64000,40.000000,4.000000,97,1.000000,0.001354,64000.000000,10.000000
NVIDIA A100-SXM4-40GB,1,0,circles_spatial3D_rtc,200,64000,40.000000,4.000000,98,1.000000,0.001364,64000.000000,10.000000
NVIDIA A100-SXM4-40GB,1,0,circles_spatial3D_rtc,200,64000,40.000000,4.000000,99,1.000000,0.001355,64000.000000,10.000000
NVIDIA A100-SXM4-40GB,1,0,circles_spatial3D_rtc,200,64000,40.000000,4.000000,100,1.000000,0.001405,64000.000000,10.000000
NVIDIA A100-SXM4-40GB,1,0,circles_spatial3D_rtc,200,64000,40.000000,4.000000,101,1.000000,0.001360,64000.000000,10.000000
NVIDIA A100-SXM4-40GB,1,0,circles_spatial3D_rtc,200,64000,40.000000,4.000000,102,1.000000,0.001367,64000.000000,10.000000
NVIDIA A100-SXM4-40GB,1,0,circles_spatial3D_rtc,200,64000,40.000000,4.000000,103,1.000000,0.001357,64000.000000,10.000000
NVIDIA A100-SXM4-40GB,1,0,circles_spatial3D_rtc,200,64000,40.000000,4.000000,104,1.000000,0.001366,64000.000000,10.000000
NVIDIA A100-SXM4-40GB,1,0,circles_spatial3D_rtc,200,64000,40.000000,4.000000,105,1.000000,0.001365,64000.000000,10.000000
NVIDIA A100-SXM4-40GB,1,0,circles_spatial3D_rtc,200,64000,40.000000,4.000000,106,1.000000,0.001364,64000.000000,10.000000
NVIDIA A100-SXM4-40GB,1,0,circles_spatial3D_rtc,200,64000,40.000000,4.000000,107,1.000000,0.001356,64000.000000,10.000000
NVIDIA A100-SXM4-40GB,1,0,circles_spatial3D_rtc,200,64000,40.000000,4.000000,108,1.000000,0.001362,64000.000000,10.000000
NVIDIA A100-SXM4-40GB,1,0,circles_spatial3D_rtc,200,64000,40.000000,4.000000,109,1.000000,0.001357,64000.000000,10.000000
NVIDIA A100-SXM4-40GB,1,0,circles_spatial3D_rtc,200,64000,40.000000,4.000000,110,1.000000,0.001382,64000.000000,10.000000
NVIDIA A100-SXM4-40GB,1,0,circles_spatial3D_rtc,200,64000,40.000000,4.000000,111,1.000000,0.001357,64000.000000,10.000000
NVIDIA A100-SXM4-40GB,1,0,circles_spatial3D_rtc,200,64000,40.000000,4.000000,112,1.000000,0.001368,64000.000000,10.000000
NVIDIA A100-SXM4-40GB,1,0,circles_spatial3D_rtc,200,64000,40.000000,4.000000,113,1.000000,0.001362,64000.000000,10.000000
NVIDIA A100-SXM4-40GB,1,0,circles_spatial3D_rtc,200,64000,40.000000,4.000000,114,1.000000,0.001367,64000.000000,10.000000
NVIDIA A100-SXM4-40GB,1,0,circles_spatial3D_rtc,200,64000,40.000000,4.000000,115,1.000000,0.001364,64000.000000,10.000000
NVIDIA A100-SXM4-40GB,1,0,circles_spatial3D_rtc,200,64000,40.000000,4.000000,116,1.000000,0.001366,64000.000000,10.000000
NVIDIA A100-SXM4-40GB,1,0,circles_spatial3D_rtc,200,64000,40.000000,4.000000,117,1.000000,0.001369,64000.000000,10.000000
NVIDIA A100-SXM4-40GB,1,0,circles_spatial3D_rtc,200,64000,40.000000,4.000000,118,1.000000,0.001366,64000.000000,10.000000
NVIDIA A100-SXM4-40GB,1,0,circles_spatial3D_rtc,200,64000,40.000000,4.000000,119,1.000000,0.001359,64000.000000,10.000000
NVIDIA A100-SXM4-40GB,1,0,circles_spatial3D_rtc,200,64000,40.000000,4.000000,120,1.000000,0.001388,64000.000000,10.000000
NVIDIA A100-SXM4-40GB,1,0,circles_spatial3D_rtc,200,64000,40.000000,4.000000,121,1.000000,0.001359,64000.000000,10.000000
NVIDIA A100-SXM4-40GB,1,0,circles_spatial3D_rtc,200,64000,40.000000,4.000000,122,1.000000,0.001369,64000.000000,10.000000
NVIDIA A100-SXM4-40GB,1,0,circles_spatial3D_rtc,200,64000,40.000000,4.000000,123,1.000000,0.001357,64000.000000,10.000000
NVIDIA A100-SXM4-40GB,1,0,circles_spatial3D_rtc,200,64000,40.000000,4.000000,124,1.000000,0.001365,64000.000000,10.000000
NVIDIA A100-SXM4-40GB,1,0,circles_spatial3D_rtc,200,64000,40.000000,4.000000,125,1.000000,0.001365,64000.000000,10.000000
NVIDIA A100-SXM4-40GB,1,0,circles_spatial3D_rtc,200,64000,40.000000,4.000000,126,1.000000,0.001366,64000.000000,10.000000
NVIDIA A100-SXM4-40GB,1,0,circles_spatial3D_rtc,200,64000,40.000000,4.000000,127,1.000000,0.001359,64000.000000,10.000000
NVIDIA A100-SXM4-40GB,1,0,circles_spatial3D_rtc,200,64000,40.000000,4.000000,128,1.000000,0.001365,64000.000000,10.000000
NVIDIA A100-SXM4-40GB,1,0,circles_spatial3D_rtc,200,64000,40.000000,4.000000,129,1.000000,0.001361,64000.000000,10.000000
NVIDIA A100-SXM4-40GB,1,0,circles_spatial3D_rtc,200,64000,40.000000,4.000000,130,1.000000,0.001383,64000.000000,10.000000
NVIDIA A100-SXM4-40GB,1,0,circles_spatial3D_rtc,200,64000,40.000000,4.000000,131,1.000000,0.001360,64000.000000,10.000000
NVIDIA A100-SXM4-40GB,1,0,circles_spatial3D_rtc,200,64000,40.000000,4.000000,132,1.000000,0.001373,64000.000000,10.000000
NVIDIA A100-SXM4-40GB,1,0,circles_spatial3D_rtc,200,64000,40.000000,4.000000,133,1.000000,0.001364,64000.000000,10.000000
NVIDIA A100-SXM4-40GB,1,0,circles_spatial3D_rtc,200,64000,40.000000,4.000000,134,1.000000,0.001369,64000.000000,10.000000
NVIDIA A100-SXM4-40GB,1,0,circles_spatial3D_rtc,200,64000,40.000000,4.000000,135,1.000000,0.001370,64000.000000,10.000000
NVIDIA A100-SXM4-40GB,1,0,circles_spatial3D_rtc,200,64000,40.000000,4.000000,136,1.000000,0.001370,64000.000000,10.000000
NVIDIA A100-SXM4-40GB,1,0,circles_spatial3D_rtc,200,64000,40.000000,4.000000,137,1.000000,0.001365,64000.000000,10.000000
NVIDIA A100-SXM4-40GB,1,0,circles_spatial3D_rtc,200,64000,40.000000,4.000000,138,1.000000,0.001376,64000.000000,10.000000
NVIDIA A100-SXM4-40GB,1,0,circles_spatial3D_rtc,200,64000,40.000000,4.000000,139,1.000000,0.001369,64000.000000,10.000000
NVIDIA A100-SXM4-40GB,1,0,circles_spatial3D_rtc,200,64000,40.000000,4.000000,140,1.000000,0.001400,64000.000000,10.000000
NVIDIA A100-SXM4-40GB,1,0,circles_spatial3D_rtc,200,64000,40.000000,4.000000,141,1.000000,0.001371,64000.000000,10.000000
NVIDIA A100-SXM4-40GB,1,0,circles_spatial3D_rtc,200,64000,40.000000,4.000000,142,1.000000,0.001377,64000.000000,10.000000
NVIDIA A100-SXM4-40GB,1,0,circles_spatial3D_rtc,200,64000,40.000000,4.000000,143,1.000000,0.001370,64000.000000,10.000000
NVIDIA A100-SXM4-40GB,1,0,circles_spatial3D_rtc,200,64000,40.000000,4.000000,144,1.000000,0.001378,64000.000000,10.000000
NVIDIA A100-SXM4-40GB,1,0,circles_spatial3D_rtc,200,64000,40.000000,4.000000,145,1.000000,0.001377,64000.000000,10.000000
NVIDIA A100-SXM4-40GB,1,0,circles_spatial3D_rtc,200,64000,40.000000,4.000000,146,1.000000,0.001378,64000.000000,10.000000
NVIDIA A100-SXM4-40GB,1,0,circles_spatial3D_rtc,200,64000,40.000000,4.000000,147,1.000000,0.001369,64000.000000,10.000000
NVIDIA A100-SXM4-40GB,1,0,circles_spatial3D_rtc,200,64000,40.000000,4.000000,148,1.000000,0.001380,64000.000000,10.000000
NVIDIA A100-SXM4-40GB,1,0,circles_spatial3D_rtc,200,64000,40.000000,4.000000,149,1.000000,0.001371,64000.000000,10.000000
NVIDIA A100-SXM4-40GB,1,0,circles_spatial3D_rtc,200,64000,40.000000,4.000000,150,1.000000,0.001399,64000.000000,10.000000
NVIDIA A100-SXM4-40GB,1,0,circles_spatial3D_rtc,200,64000,40.000000,4.000000,151,1.000000,0.001372,64000.000000,10.000000
NVIDIA A100-SXM4-40GB,1,0,circles_spatial3D_rtc,200,64000,40.000000,4.000000,152,1.000000,0.001378,64000.000000,10.000000
NVIDIA A100-SXM4-40GB,1,0,circles_spatial3D_rtc,200,64000,40.000000,4.000000,153,1.000000,0.001371,64000.000000,10.000000
NVIDIA A100-SXM4-40GB,1,0,circles_spatial3D_rtc,200,64000,40.000000,4.000000,154,1.000000,0.001378,64000.000000,10.000000
NVIDIA A100-SXM4-40GB,1,0,circles_spatial3D_rtc,200,64000,40.000000,4.000000,155,1.000000,0.001381,64000.000000,10.000000
NVIDIA A100-SXM4-40GB,1,0,circles_spatial3D_rtc,200,64000,40.000000,4.000000,156,1.000000,0.001381,64000.000000,10.000000
NVIDIA A100-SXM4-40GB,1,0,circles_spatial3D_rtc,200,64000,40.000000,4.000000,157,1.000000,0.001374,64000.000000,10.000000
NVIDIA A100-SXM4-40GB,1,0,circles_spatial3D_rtc,200,64000,40.000000,4.000000,158,1.000000,0.001381,64000.000000,10.000000
NVIDIA A100-SXM4-40GB,1,0,circles_spatial3D_rtc,200,64000,40.000000,4.000000,159,1.000000,0.001371,64000.000000,10.000000
NVIDIA A100-SXM4-40GB,1,0,circles_spatial3D_rtc,200,64000,40.000000,4.000000,160,1.000000,0.001404,64000.000000,10.000000
NVIDIA A100-SXM4-40GB,1,0,circles_spatial3D_rtc,200,64000,40.000000,4.000000,161,1.000000,0.001374,64000.000000,10.000000
NVIDIA A100-SXM4-40GB,1,0,circles_spatial3D_rtc,200,64000,40.000000,4.000000,162,1.000000,0.001382,64000.000000,10.000000
NVIDIA A100-SXM4-40GB,1,0,circles_spatial3D_rtc,200,64000,40.000000,4.000000,163,1.000000,0.001373,64000.000000,10.000000
NVIDIA A100-SXM4-40GB,1,0,circles_spatial3D_rtc,200,64000,40.000000,4.000000,164,1.000000,0.001382,64000.000000,10.000000
NVIDIA A100-SXM4-40GB,1,0,circles_spatial3D_rtc,200,64000,40.000000,4.000000,165,1.000000,0.001382,64000.000000,10.000000
NVIDIA A100-SXM4-40GB,1,0,circles_spatial3D_rtc,200,64000,40.000000,4.000000,166,1.000000,0.001387,64000.000000,10.000000
NVIDIA A100-SXM4-40GB,1,0,circles_spatial3D_rtc,200,64000,40.000000,4.000000,167,1.000000,0.001379,64000.000000,10.000000
NVIDIA A100-SXM4-40GB,1,0,circles_spatial3D_rtc,200,64000,40.000000,4.000000,168,1.000000,0.001388,64000.000000,10.000000
NVIDIA A100-SXM4-40GB,1,0,circles_spatial3D_rtc,200,64000,40.000000,4.000000,169,1.000000,0.001380,64000.000000,10.000000
NVIDIA A100-SXM4-40GB,1,0,circles_spatial3D_rtc,200,64000,40.000000,4.000000,170,1.000000,0.001403,64000.000000,10.000000
NVIDIA A100-SXM4-40GB,1,0,circles_spatial3D_rtc,200,64000,40.000000,4.000000,171,1.000000,0.001377,64000.000000,10.000000
NVIDIA A100-SXM4-40GB,1,0,circles_spatial3D_rtc,200,64000,40.000000,4.000000,172,1.000000,0.001387,64000.000000,10.000000
NVIDIA A100-SXM4-40GB,1,0,circles_spatial3D_rtc,200,64000,40.000000,4.000000,173,1.000000,0.001379,64000.000000,10.000000
NVIDIA A100-SXM4-40GB,1,0,circles_spatial3D_rtc,200,64000,40.000000,4.000000,174,1.000000,0.001385,64000.000000,10.000000
NVIDIA A100-SXM4-40GB,1,0,circles_spatial3D_rtc,200,64000,40.000000,4.000000,175,1.000000,0.001388,64000.000000,10.000000
NVIDIA A100-SXM4-40GB,1,0,circles_spatial3D_rtc,200,64000,40.000000,4.000000,176,1.000000,0.001390,64000.000000,10.000000
NVIDIA A100-SXM4-40GB,1,0,circles_spatial3D_rtc,200,64000,40.000000,4.000000,177,1.000000,0.001382,64000.000000,10.000000
NVIDIA A100-SXM4-40GB,1,0,circles_spatial3D_rtc,200,64000,40.000000,4.000000,178,1.000000,0.001389,64000.000000,10.000000
NVIDIA A100-SXM4-40GB,1,0,circles_spatial3D_rtc,200,64000,40.000000,4.000000,179,1.000000,0.001382,64000.000000,10.000000
NVIDIA A100-SXM4-40GB,1,0,circles_spatial3D_rtc,200,64000,40.000000,4.000000,180,1.000000,0.001414,64000.000000,10.000000
NVIDIA A100-SXM4-40GB,1,0,circles_spatial3D_rtc,200,64000,40.000000,4.000000,181,1.000000,0.001385,64000.000000,10.000000
NVIDIA A100-SXM4-40GB,1,0,circles_spatial3D_rtc,200,64000,40.000000,4.000000,182,1.000000,0.001396,64000.000000,10.000000
NVIDIA A100-SXM4-40GB,1,0,circles_spatial3D_rtc,200,64000,40.000000,4.000000,183,1.000000,0.001387,64000.000000,10.000000
NVIDIA A100-SXM4-40GB,1,0,circles_spatial3D_rtc,200,64000,40.000000,4.000000,184,1.000000,0.001396,64000.000000,10.000000
NVIDIA A100-SXM4-40GB,1,0,circles_spatial3D_rtc,200,64000,40.000000,4.000000,185,1.000000,0.001393,64000.000000,10.000000
NVIDIA A100-SXM4-40GB,1,0,circles_spatial3D_rtc,200,64000,40.000000,4.000000,186,1.000000,0.001393,64000.000000,10.000000
NVIDIA A100-SXM4-40GB,1,0,circles_spatial3D_rtc,200,64000,40.000000,4.000000,187,1.000000,0.001387,64000.000000,10.000000
NVIDIA A100-SXM4-40GB,1,0,circles_spatial3D_rtc,200,64000,40.000000,4.000000,188,1.000000,0.001394,64000.000000,10.000000
NVIDIA A100-SXM4-40GB,1,0,circles_spatial3D_rtc,200,64000,40.000000,4.000000,189,1.000000,0.001389,64000.000000,10.000000
NVIDIA A100-SXM4-40GB,1,0,circles_spatial3D_rtc,200,64000,40.000000,4.000000,190,1.000000,0.001407,64000.000000,10.000000
NVIDIA A100-SXM4-40GB,1,0,circles_spatial3D_rtc,200,64000,40.000000,4.000000,191,1.000000,0.001391,64000.000000,10.000000
NVIDIA A100-SXM4-40GB,1,0,circles_spatial3D_rtc,200,64000,40.000000,4.000000,192,1.000000,0.001397,64000.000000,10.000000
NVIDIA A100-SXM4-40GB,1,0,circles_spatial3D_rtc,200,64000,40.000000,4.000000,193,1.000000,0.001389,64000.000000,10.000000
NVIDIA A100-SXM4-40GB,1,0,circles_spatial3D_rtc,200,64000,40.000000,4.000000,194,1.000000,0.001397,64000.000000,10.000000
NVIDIA A100-SXM4-40GB,1,0,circles_spatial3D_rtc,200,64000,40.000000,4.000000,195,1.000000,0.001399,64000.000000,10.000000
NVIDIA A100-SXM4-40GB,1,0,circles_spatial3D_rtc,200,64000,40.000000,4.000000,196,1.000000,0.001400,64000.000000,10.000000
NVIDIA A100-SXM4-40GB,1,0,circles_spatial3D_rtc,200,64000,40.000000,4.000000,197,1.000000,0.001392,64000.000000,10.000000
NVIDIA A100-SXM4-40GB,1,0,circles_spatial3D_rtc,200,64000,40.000000,4.000000,198,1.000000,0.001396,64000.000000,10.000000
NVIDIA A100-SXM4-40GB,1,0,circles_spatial3D_rtc,200,64000,40.000000,4.000000,199,1.000000,0.001391,64000.000000,10.000000
NVIDIA A100-SXM4-40GB,1,0,circles_spatial3D_rtc,200,64000,40.000000,6.000000,0,1.000000,0.004555,64000.000000,15.000000
NVIDIA A100-SXM4-40GB,1,0,circles_spatial3D_rtc,200,64000,40.000000,6.000000,1,1.000000,0.003384,64000.000000,15.000000
NVIDIA A100-SXM4-40GB,1,0,circles_spatial3D_rtc,200,64000,40.000000,6.000000,2,1.000000,0.003409,64000.000000,15.000000
NVIDIA A100-SXM4-40GB,1,0,circles_spatial3D_rtc,200,64000,40.000000,6.000000,3,1.000000,0.003400,64000.000000,15.000000
NVIDIA A100-SXM4-40GB,1,0,circles_spatial3D_rtc,200,64000,40.000000,6.000000,4,1.000000,0.003384,64000.000000,15.000000
NVIDIA A100-SXM4-40GB,1,0,circles_spatial3D_rtc,200,64000,40.000000,6.000000,5,1.000000,0.003393,64000.000000,15.000000
NVIDIA A100-SXM4-40GB,1,0,circles_spatial3D_rtc,200,64000,40.000000,6.000000,6,1.000000,0.003390,64000.000000,15.000000
NVIDIA A100-SXM4-40GB,1,0,circles_spatial3D_rtc,200,64000,40.000000,6.000000,7,1.000000,0.003387,64000.000000,15.000000
NVIDIA A100-SXM4-40GB,1,0,circles_spatial3D_rtc,200,64000,40.000000,6.000000,8,1.000000,0.003392,64000.000000,15.000000
NVIDIA A100-SXM4-40GB,1,0,circles_spatial3D_rtc,200,64000,40.000000,6.000000,9,1.000000,0.003385,64000.000000,15.000000
NVIDIA A100-SXM4-40GB,1,0,circles_spatial3D_rtc,200,64000,40.000000,6.000000,10,1.000000,0.003413,64000.000000,15.000000
NVIDIA A100-SXM4-40GB,1,0,circles_spatial3D_rtc,200,64000,40.000000,6.000000,11,1.000000,0.003394,64000.000000,15.000000
NVIDIA A100-SXM4-40GB,1,0,circles_spatial3D_rtc,200,64000,40.000000,6.000000,12,1.000000,0.003396,64000.000000,15.000000
NVIDIA A100-SXM4-40GB,1,0,circles_spatial3D_rtc,200,64000,40.000000,6.000000,13,1.000000,0.003398,64000.000000,15.000000
NVIDIA A100-SXM4-40GB,1,0,circles_spatial3D_rtc,200,64000,40.000000,6.000000,14,1.000000,0.003423,64000.000000,15.000000
NVIDIA A100-SXM4-40GB,1,0,circles_spatial3D_rtc,200,64000,40.000000,6.000000,15,1.000000,0.003410,64000.000000,15.000000
NVIDIA A100-SXM4-40GB,1,0,circles_spatial3D_rtc,200,64000,40.000000,6.000000,16,1.000000,0.003423,64000.000000,15.000000
NVIDIA A100-SXM4-40GB,1,0,circles_spatial3D_rtc,200,64000,40.000000,6.000000,17,1.000000,0.003409,64000.000000,15.000000
NVIDIA A100-SXM4-40GB,1,0,circles_spatial3D_rtc,200,64000,40.000000,6.000000,18,1.000000,0.003419,64000.000000,15.000000
NVIDIA A100-SXM4-40GB,1,0,circles_spatial3D_rtc,200,64000,40.000000,6.000000,19,1.000000,0.003408,64000.000000,15.000000
NVIDIA A100-SXM4-40GB,1,0,circles_spatial3D_rtc,200,64000,40.000000,6.000000,20,1.000000,0.003441,64000.000000,15.000000
NVIDIA A100-SXM4-40GB,1,0,circles_spatial3D_rtc,200,64000,40.000000,6.000000,21,1.000000,0.003418,64000.000000,15.000000
NVIDIA A100-SXM4-40GB,1,0,circles_spatial3D_rtc,200,64000,40.000000,6.000000,22,1.000000,0.003419,64000.000000,15.000000
NVIDIA A100-SXM4-40GB,1,0,circles_spatial3D_rtc,200,64000,40.000000,6.000000,23,1.000000,0.003421,64000.000000,15.000000
NVIDIA A100-SXM4-40GB,1,0,circles_spatial3D_rtc,200,64000,40.000000,6.000000,24,1.000000,0.003431,64000.000000,15.000000
NVIDIA A100-SXM4-40GB,1,0,circles_spatial3D_rtc,200,64000,40.000000,6.000000,25,1.000000,0.003428,64000.000000,15.000000
NVIDIA A100-SXM4-40GB,1,0,circles_spatial3D_rtc,200,64000,40.000000,6.000000,26,1.000000,0.003440,64000.000000,15.000000
NVIDIA A100-SXM4-40GB,1,0,circles_spatial3D_rtc,200,64000,40.000000,6.000000,27,1.000000,0.003425,64000.000000,15.000000
NVIDIA A100-SXM4-40GB,1,0,circles_spatial3D_rtc,200,64000,40.000000,6.000000,28,1.000000,0.003436,64000.000000,15.000000
NVIDIA A100-SXM4-40GB,1,0,circles_spatial3D_rtc,200,64000,40.000000,6.000000,29,1.000000,0.003424,64000.000000,15.000000
NVIDIA A100-SXM4-40GB,1,0,circles_spatial3D_rtc,200,64000,40.000000,6.000000,30,1.000000,0.003452,64000.000000,15.000000
NVIDIA A100-SXM4-40GB,1,0,circles_spatial3D_rtc,200,64000,40.000000,6.000000,31,1.000000,0.003427,64000.000000,15.000000
NVIDIA A100-SXM4-40GB,1,0,circles_spatial3D_rtc,200,64000,40.000000,6.000000,32,1.000000,0.003433,64000.000000,15.000000
NVIDIA A100-SXM4-40GB,1,0,circles_spatial3D_rtc,200,64000,40.000000,6.000000,33,1.000000,0.003438,64000.000000,15.000000
NVIDIA A100-SXM4-40GB,1,0,circles_spatial3D_rtc,200,64000,40.000000,6.000000,34,1.000000,0.003419,64000.000000,15.000000
NVIDIA A100-SXM4-40GB,1,0,circles_spatial3D_rtc,200,64000,40.000000,6.000000,35,1.000000,0.003420,64000.000000,15.000000
NVIDIA A100-SXM4-40GB,1,0,circles_spatial3D_rtc,200,64000,40.000000,6.000000,36,1.000000,0.003437,64000.000000,15.000000
NVIDIA A100-SXM4-40GB,1,0,circles_spatial3D_rtc,200,64000,40.000000,6.000000,37,1.000000,0.003412,64000.000000,15.000000
NVIDIA A100-SXM4-40GB,1,0,circles_spatial3D_rtc,200,64000,40.000000,6.000000,38,1.000000,0.003427,64000.000000,15.000000
NVIDIA A100-SXM4-40GB,1,0,circles_spatial3D_rtc,200,64000,40.000000,6.000000,39,1.000000,0.003424,64000.000000,15.000000
NVIDIA A100-SXM4-40GB,1,0,circles_spatial3D_rtc,200,64000,40.000000,6.000000,40,1.000000,0.003451,64000.000000,15.000000
NVIDIA A100-SXM4-40GB,1,0,circles_spatial3D_rtc,200,64000,40.000000,6.000000,41,1.000000,0.003415,64000.000000,15.000000
NVIDIA A100-SXM4-40GB,1,0,circles_spatial3D_rtc,200,64000,40.000000,6.000000,42,1.000000,0.003421,64000.000000,15.000000
NVIDIA A100-SXM4-40GB,1,0,circles_spatial3D_rtc,200,64000,40.000000,6.000000,43,1.000000,0.003421,64000.000000,15.000000
NVIDIA A100-SXM4-40GB,1,0,circles_spatial3D_rtc,200,64000,40.000000,6.000000,44,1.000000,0.003422,64000.000000,15.000000
NVIDIA A100-SXM4-40GB,1,0,circles_spatial3D_rtc,200,64000,40.000000,6.000000,45,1.000000,0.003438,64000.000000,15.000000
NVIDIA A100-SXM4-40GB,1,0,circles_spatial3D_rtc,200,64000,40.000000,6.000000,46,1.000000,0.003434,64000.000000,15.000000
NVIDIA A100-SXM4-40GB,1,0,circles_spatial3D_rtc,200,64000,40.000000,6.000000,47,1.000000,0.003428,64000.000000,15.000000
NVIDIA A100-SXM4-40GB,1,0,circles_spatial3D_rtc,200,64000,40.000000,6.000000,48,1.000000,0.003431,64000.000000,15.000000
NVIDIA A100-SXM4-40GB,1,0,circles_spatial3D_rtc,200,64000,40.000000,6.000000,49,1.000000,0.003435,64000.000000,15.000000
NVIDIA A100-SXM4-40GB,1,0,circles_spatial3D_rtc,200,64000,40.000000,6.000000,50,1.000000,0.003466,64000.000000,15.000000
NVIDIA A100-SXM4-40GB,1,0,circles_spatial3D_rtc,200,64000,40.000000,6.000000,51,1.000000,0.003424,64000.000000,15.000000
NVIDIA A100-SXM4-40GB,1,0,circles_spatial3D_rtc,200,64000,40.000000,6.000000,52,1.000000,0.003430,64000.000000,15.000000
NVIDIA A100-SXM4-40GB,1,0,circles_spatial3D_rtc,200,64000,40.000000,6.000000,53,1.000000,0.003439,64000.000000,15.000000
NVIDIA A100-SXM4-40GB,1,0,circles_spatial3D_rtc,200,64000,40.000000,6.000000,54,1.000000,0.003447,64000.000000,15.000000
NVIDIA A100-SXM4-40GB,1,0,circles_spatial3D_rtc,200,64000,40.000000,6.000000,55,1.000000,0.003436,64000.000000,15.000000
NVIDIA A100-SXM4-40GB,1,0,circles_spatial3D_rtc,200,64000,40.000000,6.000000,56,1.000000,0.003435,64000.000000,15.000000
NVIDIA A100-SXM4-40GB,1,0,circles_spatial3D_rtc,200,64000,40.000000,6.000000,57,1.000000,0.003437,64000.000000,15.000000
NVIDIA A100-SXM4-40GB,1,0,circles_spatial3D_rtc,200,64000,40.000000,6.000000,58,1.000000,0.003450,64000.000000,15.000000
NVIDIA A100-SXM4-40GB,1,0,circles_spatial3D_rtc,200,64000,40.000000,6.000000,59,1.000000,0.003438,64000.000000,15.000000
NVIDIA A100-SXM4-40GB,1,0,circles_spatial3D_rtc,200,64000,40.000000,6.000000,60,1.000000,0.003442,64000.000000,15.000000
NVIDIA A100-SXM4-40GB,1,0,circles_spatial3D_rtc,200,64000,40.000000,6.000000,61,1.000000,0.003419,64000.000000,15.000000
NVIDIA A100-SXM4-40GB,1,0,circles_spatial3D_rtc,200,64000,40.000000,6.000000,62,1.000000,0.003445,64000.000000,15.000000
NVIDIA A100-SXM4-40GB,1,0,circles_spatial3D_rtc,200,64000,40.000000,6.000000,63,1.000000,0.003430,64000.000000,15.000000
NVIDIA A100-SXM4-40GB,1,0,circles_spatial3D_rtc,200,64000,40.000000,6.000000,64,1.000000,0.003429,64000.000000,15.000000
NVIDIA A100-SXM4-40GB,1,0,circles_spatial3D_rtc,200,64000,40.000000,6.000000,65,1.000000,0.003439,64000.000000,15.000000
NVIDIA A100-SXM4-40GB,1,0,circles_spatial3D_rtc,200,64000,40.000000,6.000000,66,1.000000,0.003441,64000.000000,15.000000
NVIDIA A100-SXM4-40GB,1,0,circles_spatial3D_rtc,200,64000,40.000000,6.000000,67,1.000000,0.003446,64000.000000,15.000000
NVIDIA A100-SXM4-40GB,1,0,circles_spatial3D_rtc,200,64000,40.000000,6.000000,68,1.000000,0.003442,64000.000000,15.000000
NVIDIA A100-SXM4-40GB,1,0,circles_spatial3D_rtc,200,64000,40.000000,6.000000,69,1.000000,0.003446,64000.000000,15.000000
NVIDIA A100-SXM4-40GB,1,0,circles_spatial3D_rtc,200,64000,40.000000,6.000000,70,1.000000,0.003472,64000.000000,15.000000
NVIDIA A100-SXM4-40GB,1,0,circles_spatial3D_rtc,200,64000,40.000000,6.000000,71,1.000000,0.003451,64000.000000,15.000000
NVIDIA A100-SXM4-40GB,1,0,circles_spatial3D_rtc,200,64000,40.000000,6.000000,72,1.000000,0.003448,64000.000000,15.000000
NVIDIA A100-SXM4-40GB,1,0,circles_spatial3D_rtc,200,64000,40.000000,6.000000,73,1.000000,0.003451,64000.000000,15.000000
NVIDIA A100-SXM4-40GB,1,0,circles_spatial3D_rtc,200,64000,40.000000,6.000000,74,1.000000,0.003451,64000.000000,15.000000
NVIDIA A100-SXM4-40GB,1,0,circles_spatial3D_rtc,200,64000,40.000000,6.000000,75,1.000000,0.003430,64000.000000,15.000000
NVIDIA A100-SXM4-40GB,1,0,circles_spatial3D_rtc,200,64000,40.000000,6.000000,76,1.000000,0.003437,64000.000000,15.000000
NVIDIA A100-SXM4-40GB,1,0,circles_spatial3D_rtc,200,64000,40.000000,6.000000,77,1.000000,0.003445,64000.000000,15.000000
NVIDIA A100-SXM4-40GB,1,0,circles_spatial3D_rtc,200,64000,40.000000,6.000000,78,1.000000,0.003450,64000.000000,15.000000
NVIDIA A100-SXM4-40GB,1,0,circles_spatial3D_rtc,200,64000,40.000000,6.000000,79,1.000000,0.003437,64000.000000,15.000000
NVIDIA A100-SXM4-40GB,1,0,circles_spatial3D_rtc,200,64000,40.000000,6.000000,80,1.000000,0.003488,64000.000000,15.000000
NVIDIA A100-SXM4-40GB,1,0,circles_spatial3D_rtc,200,64000,40.000000,6.000000,81,1.000000,0.003451,64000.000000,15.000000
NVIDIA A100-SXM4-40GB,1,0,circles_spatial3D_rtc,200,64000,40.000000,6.000000,82,1.000000,0.003455,64000.000000,15.000000
NVIDIA A100-SXM4-40GB,1,0,circles_spatial3D_rtc,200,64000,40.000000,6.000000,83,1.000000,0.003448,64000.000000,15.000000
NVIDIA A100-SXM4-40GB,1,0,circles_spatial3D_rtc,200,64000,40.000000,6.000000,84,1.000000,0.003447,64000.000000,15.000000
NVIDIA A100-SXM4-40GB,1,0,circles_spatial3D_rtc,200,64000,40.000000,6.000000,85,1.000000,0.003452,64000.000000,15.000000
NVIDIA A100-SXM4-40GB,1,0,circles_spatial3D_rtc,200,64000,40.000000,6.000000,86,1.000000,0.003464,64000.000000,15.000000
NVIDIA A100-SXM4-40GB,1,0,circles_spatial3D_rtc,200,64000,40.000000,6.000000,87,1.000000,0.003456,64000.000000,15.000000
NVIDIA A100-SXM4-40GB,1,0,circles_spatial3D_rtc,200,64000,40.000000,6.000000,88,1.000000,0.003468,64000.000000,15.000000
NVIDIA A100-SXM4-40GB,1,0,circles_spatial3D_rtc,200,64000,40.000000,6.000000,89,1.000000,0.003448,64000.000000,15.000000
NVIDIA A100-SXM4-40GB,1,0,circles_spatial3D_rtc,200,64000,40.000000,6.000000,90,1.000000,0.003468,64000.000000,15.000000
NVIDIA A100-SXM4-40GB,1,0,circles_spatial3D_rtc,200,64000,40.000000,6.000000,91,1.000000,0.003456,64000.000000,15.000000
NVIDIA A100-SXM4-40GB,1,0,circles_spatial3D_rtc,200,64000,40.000000,6.000000,92,1.000000,0.003455,64000.000000,15.000000
NVIDIA A100-SXM4-40GB,1,0,circles_spatial3D_rtc,200,64000,40.000000,6.000000,93,1.000000,0.003453,64000.000000,15.000000
NVIDIA A100-SXM4-40GB,1,0,circles_spatial3D_rtc,200,64000,40.000000,6.000000,94,1.000000,0.003459,64000.000000,15.000000
NVIDIA A100-SXM4-40GB,1,0,circles_spatial3D_rtc,200,64000,40.000000,6.000000,95,1.000000,0.003462,64000.000000,15.000000
NVIDIA A100-SXM4-40GB,1,0,circles_spatial3D_rtc,200,64000,40.000000,6.000000,96,1.000000,0.003467,64000.000000,15.000000
NVIDIA A100-SXM4-40GB,1,0,circles_spatial3D_rtc,200,64000,40.000000,6.000000,97,1.000000,0.003458,64000.000000,15.000000
NVIDIA A100-SXM4-40GB,1,0,circles_spatial3D_rtc,200,64000,40.000000,6.000000,98,1.000000,0.003470,64000.000000,15.000000
NVIDIA A100-SXM4-40GB,1,0,circles_spatial3D_rtc,200,64000,40.000000,6.000000,99,1.000000,0.003460,64000.000000,15.000000
NVIDIA A100-SXM4-40GB,1,0,circles_spatial3D_rtc,200,64000,40.000000,6.000000,100,1.000000,0.003507,64000.000000,15.000000
NVIDIA A100-SXM4-40GB,1,0,circles_spatial3D_rtc,200,64000,40.000000,6.000000,101,1.000000,0.003458,64000.000000,15.000000
NVIDIA A100-SXM4-40GB,1,0,circles_spatial3D_rtc,200,64000,40.000000,6.000000,102,1.000000,0.003461,64000.000000,15.000000
NVIDIA A100-SXM4-40GB,1,0,circles_spatial3D_rtc,200,64000,40.000000,6.000000,103,1.000000,0.003483,64000.000000,15.000000
NVIDIA A100-SXM4-40GB,1,0,circles_spatial3D_rtc,200,64000,40.000000,6.000000,104,1.000000,0.003495,64000.000000,15.000000
NVIDIA A100-SXM4-40GB,1,0,circles_spatial3D_rtc,200,64000,40.000000,6.000000,105,1.000000,0.003494,64000.000000,15.000000
NVIDIA A100-SXM4-40GB,1,0,circles_spatial3D_rtc,200,64000,40.000000,6.000000,106,1.000000,0.003504,64000.000000,15.000000
NVIDIA A100-SXM4-40GB,1,0,circles_spatial3D_rtc,200,64000,40.000000,6.000000,107,1.000000,0.003489,64000.000000,15.000000
NVIDIA A100-SXM4-40GB,1,0,circles_spatial3D_rtc,200,64000,40.000000,6.000000,108,1.000000,0.003477,64000.000000,15.000000
NVIDIA A100-SXM4-40GB,1,0,circles_spatial3D_rtc,200,64000,40.000000,6.000000,109,1.000000,0.003477,64000.000000,15.000000
NVIDIA A100-SXM4-40GB,1,0,circles_spatial3D_rtc,200,64000,40.000000,6.000000,110,1.000000,0.003504,64000.000000,15.000000
NVIDIA A100-SXM4-40GB,1,0,circles_spatial3D_rtc,200,64000,40.000000,6.000000,111,1.000000,0.003464,64000.000000,15.000000
NVIDIA A100-SXM4-40GB,1,0,circles_spatial3D_rtc,200,64000,40.000000,6.000000,112,1.000000,0.003481,64000.000000,15.000000
NVIDIA A100-SXM4-40GB,1,0,circles_spatial3D_rtc,200,64000,40.000000,6.000000,113,1.000000,0.003473,64000.000000,15.000000
NVIDIA A100-SXM4-40GB,1,0,circles_spatial3D_rtc,200,64000,40.000000,6.000000,114,1.000000,0.003485,64000.000000,15.000000
NVIDIA A100-SXM4-40GB,1,0,circles_spatial3D_rtc,200,64000,40.000000,6.000000,115,1.000000,0.003498,64000.000000,15.000000
NVIDIA A100-SXM4-40GB,1,0,circles_spatial3D_rtc,200,64000,40.000000,6.000000,116,1.000000,0.003498,64000.000000,15.000000
NVIDIA A100-SXM4-40GB,1,0,circles_spatial3D_rtc,200,64000,40.000000,6.000000,117,1.000000,0.003489,64000.000000,15.000000
NVIDIA A100-SXM4-40GB,1,0,circles_spatial3D_rtc,200,64000,40.000000,6.000000,118,1.000000,0.003495,64000.000000,15.000000
NVIDIA A100-SXM4-40GB,1,0,circles_spatial3D_rtc,200,64000,40.000000,6.000000,119,1.000000,0.003501,64000.000000,15.000000
NVIDIA A100-SXM4-40GB,1,0,circles_spatial3D_rtc,200,64000,40.000000,6.000000,120,1.000000,0.003523,64000.000000,15.000000
NVIDIA A100-SXM4-40GB,1,0,circles_spatial3D_rtc,200,64000,40.000000,6.000000,121,1.000000,0.003474,64000.000000,15.000000
NVIDIA A100-SXM4-40GB,1,0,circles_spatial3D_rtc,200,64000,40.000000,6.000000,122,1.000000,0.003480,64000.000000,15.000000
NVIDIA A100-SXM4-40GB,1,0,circles_spatial3D_rtc,200,64000,40.000000,6.000000,123,1.000000,0.003476,64000.000000,15.000000
NVIDIA A100-SXM4-40GB,1,0,circles_spatial3D_rtc,200,64000,40.000000,6.000000,124,1.000000,0.003487,64000.000000,15.000000
NVIDIA A100-SXM4-40GB,1,0,circles_spatial3D_rtc,200,64000,40.000000,6.000000,125,1.000000,0.003494,64000.000000,15.000000
NVIDIA A100-SXM4-40GB,1,0,circles_spatial3D_rtc,200,64000,40.000000,6.000000,126,1.000000,0.003498,64000.000000,15.000000
NVIDIA A100-SXM4-40GB,1,0,circles_spatial3D_rtc,200,64000,40.000000,6.000000,127,1.000000,0.003483,64000.000000,15.000000
NVIDIA A100-SXM4-40GB,1,0,circles_spatial3D_rtc,200,64000,40.000000,6.000000,128,1.000000,0.003490,64000.000000,15.000000
NVIDIA A100-SXM4-40GB,1,0,circles_spatial3D_rtc,200,64000,40.000000,6.000000,129,1.000000,0.003485,64000.000000,15.000000
NVIDIA A100-SXM4-40GB,1,0,circles_spatial3D_rtc,200,64000,40.000000,6.000000,130,1.000000,0.003514,64000.000000,15.000000
NVIDIA A100-SXM4-40GB,1,0,circles_spatial3D_rtc,200,64000,40.000000,6.000000,131,1.000000,0.003488,64000.000000,15.000000
NVIDIA A100-SXM4-40GB,1,0,circles_spatial3D_rtc,200,64000,40.000000,6.000000,132,1.000000,0.003505,64000.000000,15.000000
NVIDIA A100-SXM4-40GB,1,0,circles_spatial3D_rtc,200,64000,40.000000,6.000000,133,1.000000,0.003485,64000.000000,15.000000
NVIDIA A100-SXM4-40GB,1,0,circles_spatial3D_rtc,200,64000,40.000000,6.000000,134,1.000000,0.003498,64000.000000,15.000000
NVIDIA A100-SXM4-40GB,1,0,circles_spatial3D_rtc,200,64000,40.000000,6.000000,135,1.000000,0.003496,64000.000000,15.000000
NVIDIA A100-SXM4-40GB,1,0,circles_spatial3D_rtc,200,64000,40.000000,6.000000,136,1.000000,0.003497,64000.000000,15.000000
NVIDIA A100-SXM4-40GB,1,0,circles_spatial3D_rtc,200,64000,40.000000,6.000000,137,1.000000,0.003472,64000.000000,15.000000
NVIDIA A100-SXM4-40GB,1,0,circles_spatial3D_rtc,200,64000,40.000000,6.000000,138,1.000000,0.003496,64000.000000,15.000000
NVIDIA A100-SXM4-40GB,1,0,circles_spatial3D_rtc,200,64000,40.000000,6.000000,139,1.000000,0.003497,64000.000000,15.000000
NVIDIA A100-SXM4-40GB,1,0,circles_spatial3D_rtc,200,64000,40.000000,6.000000,140,1.000000,0.003520,64000.000000,15.000000
NVIDIA A100-SXM4-40GB,1,0,circles_spatial3D_rtc,200,64000,40.000000,6.000000,141,1.000000,0.003486,64000.000000,15.000000
NVIDIA A100-SXM4-40GB,1,0,circles_spatial3D_rtc,200,64000,40.000000,6.000000,142,1.000000,0.003495,64000.000000,15.000000
NVIDIA A100-SXM4-40GB,1,0,circles_spatial3D_rtc,200,64000,40.000000,6.000000,143,1.000000,0.003488,64000.000000,15.000000
NVIDIA A100-SXM4-40GB,1,0,circles_spatial3D_rtc,200,64000,40.000000,6.000000,144,1.000000,0.003495,64000.000000,15.000000
NVIDIA A100-SXM4-40GB,1,0,circles_spatial3D_rtc,200,64000,40.000000,6.000000,145,1.000000,0.003501,64000.000000,15.000000
NVIDIA A100-SXM4-40GB,1,0,circles_spatial3D_rtc,200,64000,40.000000,6.000000,146,1.000000,0.003490,64000.000000,15.000000
NVIDIA A100-SXM4-40GB,1,0,circles_spatial3D_rtc,200,64000,40.000000,6.000000,147,1.000000,0.003490,64000.000000,15.000000
NVIDIA A100-SXM4-40GB,1,0,circles_spatial3D_rtc,200,64000,40.000000,6.000000,148,1.000000,0.003495,64000.000000,15.000000
NVIDIA A100-SXM4-40GB,1,0,circles_spatial3D_rtc,200,64000,40.000000,6.000000,149,1.000000,0.003497,64000.000000,15.000000
NVIDIA A100-SXM4-40GB,1,0,circles_spatial3D_rtc,200,64000,40.000000,6.000000,150,1.000000,0.003518,64000.000000,15.000000
NVIDIA A100-SXM4-40GB,1,0,circles_spatial3D_rtc,200,64000,40.000000,6.000000,151,1.000000,0.003493,64000.000000,15.000000
NVIDIA A100-SXM4-40GB,1,0,circles_spatial3D_rtc,200,64000,40.000000,6.000000,152,1.000000,0.003501,64000.000000,15.000000
NVIDIA A100-SXM4-40GB,1,0,circles_spatial3D_rtc,200,64000,40.000000,6.000000,153,1.000000,0.003487,64000.000000,15.000000
NVIDIA A100-SXM4-40GB,1,0,circles_spatial3D_rtc,200,64000,40.000000,6.000000,154,1.000000,0.003498,64000.000000,15.000000
NVIDIA A100-SXM4-40GB,1,0,circles_spatial3D_rtc,200,64000,40.000000,6.000000,155,1.000000,0.003493,64000.000000,15.000000
NVIDIA A100-SXM4-40GB,1,0,circles_spatial3D_rtc,200,64000,40.000000,6.000000,156,1.000000,0.003499,64000.000000,15.000000
NVIDIA A100-SXM4-40GB,1,0,circles_spatial3D_rtc,200,64000,40.000000,6.000000,157,1.000000,0.003493,64000.000000,15.000000
NVIDIA A100-SXM4-40GB,1,0,circles_spatial3D_rtc,200,64000,40.000000,6.000000,158,1.000000,0.003503,64000.000000,15.000000
NVIDIA A100-SXM4-40GB,1,0,circles_spatial3D_rtc,200,64000,40.000000,6.000000,159,1.000000,0.003494,64000.000000,15.000000
NVIDIA A100-SXM4-40GB,1,0,circles_spatial3D_rtc,200,64000,40.000000,6.000000,160,1.000000,0.003525,64000.000000,15.000000
NVIDIA A100-SXM4-40GB,1,0,circles_spatial3D_rtc,200,64000,40.000000,6.000000,161,1.000000,0.003493,64000.000000,15.000000
NVIDIA A100-SXM4-40GB,1,0,circles_spatial3D_rtc,200,64000,40.000000,6.000000,162,1.000000,0.003500,64000.000000,15.000000
NVIDIA A100-SXM4-40GB,1,0,circles_spatial3D_rtc,200,64000,40.000000,6.000000,163,1.000000,0.003496,64000.000000,15.000000
NVIDIA A100-SXM4-40GB,1,0,circles_spatial3D_rtc,200,64000,40.000000,6.000000,164,1.000000,0.003491,64000.000000,15.000000
NVIDIA A100-SXM4-40GB,1,0,circles_spatial3D_rtc,200,64000,40.000000,6.000000,165,1.000000,0.003503,64000.000000,15.000000
NVIDIA A100-SXM4-40GB,1,0,circles_spatial3D_rtc,200,64000,40.000000,6.000000,166,1.000000,0.003493,64000.000000,15.000000
NVIDIA A100-SXM4-40GB,1,0,circles_spatial3D_rtc,200,64000,40.000000,6.000000,167,1.000000,0.003497,64000.000000,15.000000
NVIDIA A100-SXM4-40GB,1,0,circles_spatial3D_rtc,200,64000,40.000000,6.000000,168,1.000000,0.003500,64000.000000,15.000000
NVIDIA A100-SXM4-40GB,1,0,circles_spatial3D_rtc,200,64000,40.000000,6.000000,169,1.000000,0.003504,64000.000000,15.000000
NVIDIA A100-SXM4-40GB,1,0,circles_spatial3D_rtc,200,64000,40.000000,6.000000,170,1.000000,0.003515,64000.000000,15.000000
NVIDIA A100-SXM4-40GB,1,0,circles_spatial3D_rtc,200,64000,40.000000,6.000000,171,1.000000,0.003489,64000.000000,15.000000
NVIDIA A100-SXM4-40GB,1,0,circles_spatial3D_rtc,200,64000,40.000000,6.000000,172,1.000000,0.003515,64000.000000,15.000000
NVIDIA A100-SXM4-40GB,1,0,circles_spatial3D_rtc,200,64000,40.000000,6.000000,173,1.000000,0.003508,64000.000000,15.000000
NVIDIA A100-SXM4-40GB,1,0,circles_spatial3D_rtc,200,64000,40.000000,6.000000,174,1.000000,0.003504,64000.000000,15.000000
NVIDIA A100-SXM4-40GB,1,0,circles_spatial3D_rtc,200,64000,40.000000,6.000000,175,1.000000,0.003507,64000.000000,15.000000
NVIDIA A100-SXM4-40GB,1,0,circles_spatial3D_rtc,200,64000,40.000000,6.000000,176,1.000000,0.003519,64000.000000,15.000000
NVIDIA A100-SXM4-40GB,1,0,circles_spatial3D_rtc,200,64000,40.000000,6.000000,177,1.000000,0.003508,64000.000000,15.000000
NVIDIA A100-SXM4-40GB,1,0,circles_spatial3D_rtc,200,64000,40.000000,6.000000,178,1.000000,0.003515,64000.000000,15.000000
NVIDIA A100-SXM4-40GB,1,0,circles_spatial3D_rtc,200,64000,40.000000,6.000000,179,1.000000,0.003506,64000.000000,15.000000
NVIDIA A100-SXM4-40GB,1,0,circles_spatial3D_rtc,200,64000,40.000000,6.000000,180,1.000000,0.003536,64000.000000,15.000000
NVIDIA A100-SXM4-40GB,1,0,circles_spatial3D_rtc,200,64000,40.000000,6.000000,181,1.000000,0.003518,64000.000000,15.000000
NVIDIA A100-SXM4-40GB,1,0,circles_spatial3D_rtc,200,64000,40.000000,6.000000,182,1.000000,0.003521,64000.000000,15.000000
NVIDIA A100-SXM4-40GB,1,0,circles_spatial3D_rtc,200,64000,40.000000,6.000000,183,1.000000,0.003508,64000.000000,15.000000
NVIDIA A100-SXM4-40GB,1,0,circles_spatial3D_rtc,200,64000,40.000000,6.000000,184,1.000000,0.003519,64000.000000,15.000000
NVIDIA A100-SXM4-40GB,1,0,circles_spatial3D_rtc,200,64000,40.000000,6.000000,185,1.000000,0.003515,64000.000000,15.000000
NVIDIA A100-SXM4-40GB,1,0,circles_spatial3D_rtc,200,64000,40.000000,6.000000,186,1.000000,0.003513,64000.000000,15.000000
NVIDIA A100-SXM4-40GB,1,0,circles_spatial3D_rtc,200,64000,40.000000,6.000000,187,1.000000,0.003514,64000.000000,15.000000
NVIDIA A100-SXM4-40GB,1,0,circles_spatial3D_rtc,200,64000,40.000000,6.000000,188,1.000000,0.003518,64000.000000,15.000000
NVIDIA A100-SXM4-40GB,1,0,circles_spatial3D_rtc,200,64000,40.000000,6.000000,189,1.000000,0.003514,64000.000000,15.000000
NVIDIA A100-SXM4-40GB,1,0,circles_spatial3D_rtc,200,64000,40.000000,6.000000,190,1.000000,0.003556,64000.000000,15.000000
NVIDIA A100-SXM4-40GB,1,0,circles_spatial3D_rtc,200,64000,40.000000,6.000000,191,1.000000,0.003531,64000.000000,15.000000
NVIDIA A100-SXM4-40GB,1,0,circles_spatial3D_rtc,200,64000,40.000000,6.000000,192,1.000000,0.003544,64000.000000,15.000000
NVIDIA A100-SXM4-40GB,1,0,circles_spatial3D_rtc,200,64000,40.000000,6.000000,193,1.000000,0.003532,64000.000000,15.000000
NVIDIA A100-SXM4-40GB,1,0,circles_spatial3D_rtc,200,64000,40.000000,6.000000,194,1.000000,0.003533,64000.000000,15.000000
NVIDIA A100-SXM4-40GB,1,0,circles_spatial3D_rtc,200,64000,40.000000,6.000000,195,1.000000,0.003532,64000.000000,15.000000
NVIDIA A100-SXM4-40GB,1,0,circles_spatial3D_rtc,200,64000,40.000000,6.000000,196,1.000000,0.003526,64000.000000,15.000000
NVIDIA A100-SXM4-40GB,1,0,circles_spatial3D_rtc,200,64000,40.000000,6.000000,197,1.000000,0.003523,64000.000000,15.000000
NVIDIA A100-SXM4-40GB,1,0,circles_spatial3D_rtc,200,64000,40.000000,6.000000,198,1.000000,0.003539,64000.000000,15.000000
NVIDIA A100-SXM4-40GB,1,0,circles_spatial3D_rtc,200,64000,40.000000,6.000000,199,1.000000,0.003546,64000.000000,15.000000
NVIDIA A100-SXM4-40GB,1,0,circles_spatial3D_rtc,200,64000,40.000000,8.000000,0,1.000000,0.009715,64000.000000,20.000000
NVIDIA A100-SXM4-40GB,1,0,circles_spatial3D_rtc,200,64000,40.000000,8.000000,1,1.000000,0.008586,64000.000000,20.000000
NVIDIA A100-SXM4-40GB,1,0,circles_spatial3D_rtc,200,64000,40.000000,8.000000,2,1.000000,0.008468,64000.000000,20.000000
NVIDIA A100-SXM4-40GB,1,0,circles_spatial3D_rtc,200,64000,40.000000,8.000000,3,1.000000,0.008482,64000.000000,20.000000
NVIDIA A100-SXM4-40GB,1,0,circles_spatial3D_rtc,200,64000,40.000000,8.000000,4,1.000000,0.008474,64000.000000,20.000000
NVIDIA A100-SXM4-40GB,1,0,circles_spatial3D_rtc,200,64000,40.000000,8.000000,5,1.000000,0.008515,64000.000000,20.000000
NVIDIA A100-SXM4-40GB,1,0,circles_spatial3D_rtc,200,64000,40.000000,8.000000,6,1.000000,0.008463,64000.000000,20.000000
NVIDIA A100-SXM4-40GB,1,0,circles_spatial3D_rtc,200,64000,40.000000,8.000000,7,1.000000,0.008457,64000.000000,20.000000
NVIDIA A100-SXM4-40GB,1,0,circles_spatial3D_rtc,200,64000,40.000000,8.000000,8,1.000000,0.008479,64000.000000,20.000000
NVIDIA A100-SXM4-40GB,1,0,circles_spatial3D_rtc,200,64000,40.000000,8.000000,9,1.000000,0.008445,64000.000000,20.000000
NVIDIA A100-SXM4-40GB,1,0,circles_spatial3D_rtc,200,64000,40.000000,8.000000,10,1.000000,0.008462,64000.000000,20.000000
NVIDIA A100-SXM4-40GB,1,0,circles_spatial3D_rtc,200,64000,40.000000,8.000000,11,1.000000,0.008418,64000.000000,20.000000
NVIDIA A100-SXM4-40GB,1,0,circles_spatial3D_rtc,200,64000,40.000000,8.000000,12,1.000000,0.008449,64000.000000,20.000000
NVIDIA A100-SXM4-40GB,1,0,circles_spatial3D_rtc,200,64000,40.000000,8.000000,13,1.000000,0.008479,64000.000000,20.000000
NVIDIA A100-SXM4-40GB,1,0,circles_spatial3D_rtc,200,64000,40.000000,8.000000,14,1.000000,0.008487,64000.000000,20.000000
NVIDIA A100-SXM4-40GB,1,0,circles_spatial3D_rtc,200,64000,40.000000,8.000000,15,1.000000,0.008465,64000.000000,20.000000
NVIDIA A100-SXM4-40GB,1,0,circles_spatial3D_rtc,200,64000,40.000000,8.000000,16,1.000000,0.008440,64000.000000,20.000000
NVIDIA A100-SXM4-40GB,1,0,circles_spatial3D_rtc,200,64000,40.000000,8.000000,17,1.000000,0.008486,64000.000000,20.000000
NVIDIA A100-SXM4-40GB,1,0,circles_spatial3D_rtc,200,64000,40.000000,8.000000,18,1.000000,0.008483,64000.000000,20.000000
NVIDIA A100-SXM4-40GB,1,0,circles_spatial3D_rtc,200,64000,40.000000,8.000000,19,1.000000,0.008449,64000.000000,20.000000
NVIDIA A100-SXM4-40GB,1,0,circles_spatial3D_rtc,200,64000,40.000000,8.000000,20,1.000000,0.008524,64000.000000,20.000000
NVIDIA A100-SXM4-40GB,1,0,circles_spatial3D_rtc,200,64000,40.000000,8.000000,21,1.000000,0.008536,64000.000000,20.000000
NVIDIA A100-SXM4-40GB,1,0,circles_spatial3D_rtc,200,64000,40.000000,8.000000,22,1.000000,0.008490,64000.000000,20.000000
NVIDIA A100-SXM4-40GB,1,0,circles_spatial3D_rtc,200,64000,40.000000,8.000000,23,1.000000,0.008512,64000.000000,20.000000
NVIDIA A100-SXM4-40GB,1,0,circles_spatial3D_rtc,200,64000,40.000000,8.000000,24,1.000000,0.008508,64000.000000,20.000000
NVIDIA A100-SXM4-40GB,1,0,circles_spatial3D_rtc,200,64000,40.000000,8.000000,25,1.000000,0.008534,64000.000000,20.000000
NVIDIA A100-SXM4-40GB,1,0,circles_spatial3D_rtc,200,64000,40.000000,8.000000,26,1.000000,0.008512,64000.000000,20.000000
NVIDIA A100-SXM4-40GB,1,0,circles_spatial3D_rtc,200,64000,40.000000,8.000000,27,1.000000,0.008495,64000.000000,20.000000
NVIDIA A100-SXM4-40GB,1,0,circles_spatial3D_rtc,200,64000,40.000000,8.000000,28,1.000000,0.008527,64000.000000,20.000000
NVIDIA A100-SXM4-40GB,1,0,circles_spatial3D_rtc,200,64000,40.000000,8.000000,29,1.000000,0.008536,64000.000000,20.000000
NVIDIA A100-SXM4-40GB,1,0,circles_spatial3D_rtc,200,64000,40.000000,8.000000,30,1.000000,0.008528,64000.000000,20.000000
NVIDIA A100-SXM4-40GB,1,0,circles_spatial3D_rtc,200,64000,40.000000,8.000000,31,1.000000,0.008524,64000.000000,20.000000
NVIDIA A100-SXM4-40GB,1,0,circles_spatial3D_rtc,200,64000,40.000000,8.000000,32,1.000000,0.008521,64000.000000,20.000000
NVIDIA A100-SXM4-40GB,1,0,circles_spatial3D_rtc,200,64000,40.000000,8.000000,33,1.000000,0.008518,64000.000000,20.000000
NVIDIA A100-SXM4-40GB,1,0,circles_spatial3D_rtc,200,64000,40.000000,8.000000,34,1.000000,0.008551,64000.000000,20.000000
NVIDIA A100-SXM4-40GB,1,0,circles_spatial3D_rtc,200,64000,40.000000,8.000000,35,1.000000,0.008498,64000.000000,20.000000
NVIDIA A100-SXM4-40GB,1,0,circles_spatial3D_rtc,200,64000,40.000000,8.000000,36,1.000000,0.008497,64000.000000,20.000000
NVIDIA A100-SXM4-40GB,1,0,circles_spatial3D_rtc,200,64000,40.000000,8.000000,37,1.000000,0.008474,64000.000000,20.000000
NVIDIA A100-SXM4-40GB,1,0,circles_spatial3D_rtc,200,64000,40.000000,8.000000,38,1.000000,0.008508,64000.000000,20.000000
NVIDIA A100-SXM4-40GB,1,0,circles_spatial3D_rtc,200,64000,40.000000,8.000000,39,1.000000,0.008503,64000.000000,20.000000
NVIDIA A100-SXM4-40GB,1,0,circles_spatial3D_rtc,200,64000,40.000000,8.000000,40,1.000000,0.008539,64000.000000,20.000000
NVIDIA A100-SXM4-40GB,1,0,circles_spatial3D_rtc,200,64000,40.000000,8.000000,41,1.000000,0.008527,64000.000000,20.000000
NVIDIA A100-SXM4-40GB,1,0,circles_spatial3D_rtc,200,64000,40.000000,8.000000,42,1.000000,0.008519,64000.000000,20.000000
NVIDIA A100-SXM4-40GB,1,0,circles_spatial3D_rtc,200,64000,40.000000,8.000000,43,1.000000,0.008519,64000.000000,20.000000
NVIDIA A100-SXM4-40GB,1,0,circles_spatial3D_rtc,200,64000,40.000000,8.000000,44,1.000000,0.008542,64000.000000,20.000000
NVIDIA A100-SXM4-40GB,1,0,circles_spatial3D_rtc,200,64000,40.000000,8.000000,45,1.000000,0.008522,64000.000000,20.000000
NVIDIA A100-SXM4-40GB,1,0,circles_spatial3D_rtc,200,64000,40.000000,8.000000,46,1.000000,0.008538,64000.000000,20.000000
NVIDIA A100-SXM4-40GB,1,0,circles_spatial3D_rtc,200,64000,40.000000,8.000000,47,1.000000,0.008504,64000.000000,20.000000
NVIDIA A100-SXM4-40GB,1,0,circles_spatial3D_rtc,200,64000,40.000000,8.000000,48,1.000000,0.008532,64000.000000,20.000000
NVIDIA A100-SXM4-40GB,1,0,circles_spatial3D_rtc,200,64000,40.000000,8.000000,49,1.000000,0.008540,64000.000000,20.000000
NVIDIA A100-SXM4-40GB,1,0,circles_spatial3D_rtc,200,64000,40.000000,8.000000,50,1.000000,0.008553,64000.000000,20.000000
NVIDIA A100-SXM4-40GB,1,0,circles_spatial3D_rtc,200,64000,40.000000,8.000000,51,1.000000,0.008534,64000.000000,20.000000
NVIDIA A100-SXM4-40GB,1,0,circles_spatial3D_rtc,200,64000,40.000000,8.000000,52,1.000000,0.008532,64000.000000,20.000000
NVIDIA A100-SXM4-40GB,1,0,circles_spatial3D_rtc,200,64000,40.000000,8.000000,53,1.000000,0.008495,64000.000000,20.000000
NVIDIA A100-SXM4-40GB,1,0,circles_spatial3D_rtc,200,64000,40.000000,8.000000,54,1.000000,0.008526,64000.000000,20.000000
NVIDIA A100-SXM4-40GB,1,0,circles_spatial3D_rtc,200,64000,40.000000,8.000000,55,1.000000,0.008482,64000.000000,20.000000
NVIDIA A100-SXM4-40GB,1,0,circles_spatial3D_rtc,200,64000,40.000000,8.000000,56,1.000000,0.008493,64000.000000,20.000000
NVIDIA A100-SXM4-40GB,1,0,circles_spatial3D_rtc,200,64000,40.000000,8.000000,57,1.000000,0.008494,64000.000000,20.000000
NVIDIA A100-SXM4-40GB,1,0,circles_spatial3D_rtc,200,64000,40.000000,8.000000,58,1.000000,0.008514,64000.000000,20.000000
NVIDIA A100-SXM4-40GB,1,0,circles_spatial3D_rtc,200,64000,40.000000,8.000000,59,1.000000,0.008468,64000.000000,20.000000
NVIDIA A100-SXM4-40GB,1,0,circles_spatial3D_rtc,200,64000,40.000000,8.000000,60,1.000000,0.008542,64000.000000,20.000000
NVIDIA A100-SXM4-40GB,1,0,circles_spatial3D_rtc,200,64000,40.000000,8.000000,61,1.000000,0.008494,64000.000000,20.000000
NVIDIA A100-SXM4-40GB,1,0,circles_spatial3D_rtc,200,64000,40.000000,8.000000,62,1.000000,0.008495,64000.000000,20.000000
NVIDIA A100-SXM4-40GB,1,0,circles_spatial3D_rtc,200,64000,40.000000,8.000000,63,1.000000,0.008519,64000.000000,20.000000
NVIDIA A100-SXM4-40GB,1,0,circles_spatial3D_rtc,200,64000,40.000000,8.000000,64,1.000000,0.008544,64000.000000,20.000000
NVIDIA A100-SXM4-40GB,1,0,circles_spatial3D_rtc,200,64000,40.000000,8.000000,65,1.000000,0.008547,64000.000000,20.000000
NVIDIA A100-SXM4-40GB,1,0,circles_spatial3D_rtc,200,64000,40.000000,8.000000,66,1.000000,0.008531,64000.000000,20.000000
NVIDIA A100-SXM4-40GB,1,0,circles_spatial3D_rtc,200,64000,40.000000,8.000000,67,1.000000,0.008536,64000.000000,20.000000
NVIDIA A100-SXM4-40GB,1,0,circles_spatial3D_rtc,200,64000,40.000000,8.000000,68,1.000000,0.008534,64000.000000,20.000000
NVIDIA A100-SXM4-40GB,1,0,circles_spatial3D_rtc,200,64000,40.000000,8.000000,69,1.000000,0.008558,64000.000000,20.000000
NVIDIA A100-SXM4-40GB,1,0,circles_spatial3D_rtc,200,64000,40.000000,8.000000,70,1.000000,0.008592,64000.000000,20.000000
NVIDIA A100-SXM4-40GB,1,0,circles_spatial3D_rtc,200,64000,40.000000,8.000000,71,1.000000,0.008601,64000.000000,20.000000
NVIDIA A100-SXM4-40GB,1,0,circles_spatial3D_rtc,200,64000,40.000000,8.000000,72,1.000000,0.008582,64000.000000,20.000000
NVIDIA A100-SXM4-40GB,1,0,circles_spatial3D_rtc,200,64000,40.000000,8.000000,73,1.000000,0.008592,64000.000000,20.000000
NVIDIA A100-SXM4-40GB,1,0,circles_spatial3D_rtc,200,64000,40.000000,8.000000,74,1.000000,0.008594,64000.000000,20.000000
NVIDIA A100-SXM4-40GB,1,0,circles_spatial3D_rtc,200,64000,40.000000,8.000000,75,1.000000,0.008624,64000.000000,20.000000
NVIDIA A100-SXM4-40GB,1,0,circles_spatial3D_rtc,200,64000,40.000000,8.000000,76,1.000000,0.008600,64000.000000,20.000000
NVIDIA A100-SXM4-40GB,1,0,circles_spatial3D_rtc,200,64000,40.000000,8.000000,77,1.000000,0.008602,64000.000000,20.000000
NVIDIA A100-SXM4-40GB,1,0,circles_spatial3D_rtc,200,64000,40.000000,8.000000,78,1.000000,0.008606,64000.000000,20.000000
NVIDIA A100-SXM4-40GB,1,0,circles_spatial3D_rtc,200,64000,40.000000,8.000000,79,1.000000,0.008588,64000.000000,20.000000
NVIDIA A100-SXM4-40GB,1,0,circles_spatial3D_rtc,200,64000,40.000000,8.000000,80,1.000000,0.008549,64000.000000,20.000000
NVIDIA A100-SXM4-40GB,1,0,circles_spatial3D_rtc,200,64000,40.000000,8.000000,81,1.000000,0.008541,64000.000000,20.000000
NVIDIA A100-SXM4-40GB,1,0,circles_spatial3D_rtc,200,64000,40.000000,8.000000,82,1.000000,0.008547,64000.000000,20.000000
NVIDIA A100-SXM4-40GB,1,0,circles_spatial3D_rtc,200,64000,40.000000,8.000000,83,1.000000,0.008552,64000.000000,20.000000
NVIDIA A100-SXM4-40GB,1,0,circles_spatial3D_rtc,200,64000,40.000000,8.000000,84,1.000000,0.008554,64000.000000,20.000000
NVIDIA A100-SXM4-40GB,1,0,circles_spatial3D_rtc,200,64000,40.000000,8.000000,85,1.000000,0.008555,64000.000000,20.000000
NVIDIA A100-SXM4-40GB,1,0,circles_spatial3D_rtc,200,64000,40.000000,8.000000,86,1.000000,0.008527,64000.000000,20.000000
NVIDIA A100-SXM4-40GB,1,0,circles_spatial3D_rtc,200,64000,40.000000,8.000000,87,1.000000,0.008510,64000.000000,20.000000
NVIDIA A100-SXM4-40GB,1,0,circles_spatial3D_rtc,200,64000,40.000000,8.000000,88,1.000000,0.008502,64000.000000,20.000000
NVIDIA A100-SXM4-40GB,1,0,circles_spatial3D_rtc,200,64000,40.000000,8.000000,89,1.000000,0.008504,64000.000000,20.000000
NVIDIA A100-SXM4-40GB,1,0,circles_spatial3D_rtc,200,64000,40.000000,8.000000,90,1.000000,0.008536,64000.000000,20.000000
NVIDIA A100-SXM4-40GB,1,0,circles_spatial3D_rtc,200,64000,40.000000,8.000000,91,1.000000,0.008492,64000.000000,20.000000
NVIDIA A100-SXM4-40GB,1,0,circles_spatial3D_rtc,200,64000,40.000000,8.000000,92,1.000000,0.008571,64000.000000,20.000000
NVIDIA A100-SXM4-40GB,1,0,circles_spatial3D_rtc,200,64000,40.000000,8.000000,93,1.000000,0.008566,64000.000000,20.000000
NVIDIA A100-SXM4-40GB,1,0,circles_spatial3D_rtc,200,64000,40.000000,8.000000,94,1.000000,0.008565,64000.000000,20.000000
NVIDIA A100-SXM4-40GB,1,0,circles_spatial3D_rtc,200,64000,40.000000,8.000000,95,1.000000,0.008564,64000.000000,20.000000
NVIDIA A100-SXM4-40GB,1,0,circles_spatial3D_rtc,200,64000,40.000000,8.000000,96,1.000000,0.008578,64000.000000,20.000000
NVIDIA A100-SXM4-40GB,1,0,circles_spatial3D_rtc,200,64000,40.000000,8.000000,97,1.000000,0.008564,64000.000000,20.000000
NVIDIA A100-SXM4-40GB,1,0,circles_spatial3D_rtc,200,64000,40.000000,8.000000,98,1.000000,0.008567,64000.000000,20.000000
NVIDIA A100-SXM4-40GB,1,0,circles_spatial3D_rtc,200,64000,40.000000,8.000000,99,1.000000,0.008558,64000.000000,20.000000
NVIDIA A100-SXM4-40GB,1,0,circles_spatial3D_rtc,200,64000,40.000000,8.000000,100,1.000000,0.008548,64000.000000,20.000000
NVIDIA A100-SXM4-40GB,1,0,circles_spatial3D_rtc,200,64000,40.000000,8.000000,101,1.000000,0.008507,64000.000000,20.000000
NVIDIA A100-SXM4-40GB,1,0,circles_spatial3D_rtc,200,64000,40.000000,8.000000,102,1.000000,0.008531,64000.000000,20.000000
NVIDIA A100-SXM4-40GB,1,0,circles_spatial3D_rtc,200,64000,40.000000,8.000000,103,1.000000,0.008514,64000.000000,20.000000
NVIDIA A100-SXM4-40GB,1,0,circles_spatial3D_rtc,200,64000,40.000000,8.000000,104,1.000000,0.008545,64000.000000,20.000000
NVIDIA A100-SXM4-40GB,1,0,circles_spatial3D_rtc,200,64000,40.000000,8.000000,105,1.000000,0.008553,64000.000000,20.000000
NVIDIA A100-SXM4-40GB,1,0,circles_spatial3D_rtc,200,64000,40.000000,8.000000,106,1.000000,0.008548,64000.000000,20.000000
NVIDIA A100-SXM4-40GB,1,0,circles_spatial3D_rtc,200,64000,40.000000,8.000000,107,1.000000,0.008526,64000.000000,20.000000
NVIDIA A100-SXM4-40GB,1,0,circles_spatial3D_rtc,200,64000,40.000000,8.000000,108,1.000000,0.008513,64000.000000,20.000000
NVIDIA A100-SXM4-40GB,1,0,circles_spatial3D_rtc,200,64000,40.000000,8.000000,109,1.000000,0.008522,64000.000000,20.000000
NVIDIA A100-SXM4-40GB,1,0,circles_spatial3D_rtc,200,64000,40.000000,8.000000,110,1.000000,0.008540,64000.000000,20.000000
NVIDIA A100-SXM4-40GB,1,0,circles_spatial3D_rtc,200,64000,40.000000,8.000000,111,1.000000,0.008512,64000.000000,20.000000
NVIDIA A100-SXM4-40GB,1,0,circles_spatial3D_rtc,200,64000,40.000000,8.000000,112,1.000000,0.008502,64000.000000,20.000000
NVIDIA A100-SXM4-40GB,1,0,circles_spatial3D_rtc,200,64000,40.000000,8.000000,113,1.000000,0.008506,64000.000000,20.000000
NVIDIA A100-SXM4-40GB,1,0,circles_spatial3D_rtc,200,64000,40.000000,8.000000,114,1.000000,0.008507,64000.000000,20.000000
NVIDIA A100-SXM4-40GB,1,0,circles_spatial3D_rtc,200,64000,40.000000,8.000000,115,1.000000,0.008510,64000.000000,20.000000
NVIDIA A100-SXM4-40GB,1,0,circles_spatial3D_rtc,200,64000,40.000000,8.000000,116,1.000000,0.008495,64000.000000,20.000000
NVIDIA A100-SXM4-40GB,1,0,circles_spatial3D_rtc,200,64000,40.000000,8.000000,117,1.000000,0.008532,64000.000000,20.000000
NVIDIA A100-SXM4-40GB,1,0,circles_spatial3D_rtc,200,64000,40.000000,8.000000,118,1.000000,0.008531,64000.000000,20.000000
NVIDIA A100-SXM4-40GB,1,0,circles_spatial3D_rtc,200,64000,40.000000,8.000000,119,1.000000,0.008531,64000.000000,20.000000
NVIDIA A100-SXM4-40GB,1,0,circles_spatial3D_rtc,200,64000,40.000000,8.000000,120,1.000000,0.008593,64000.000000,20.000000
NVIDIA A100-SXM4-40GB,1,0,circles_spatial3D_rtc,200,64000,40.000000,8.000000,121,1.000000,0.008567,64000.000000,20.000000
NVIDIA A100-SXM4-40GB,1,0,circles_spatial3D_rtc,200,64000,40.000000,8.000000,122,1.000000,0.008542,64000.000000,20.000000
NVIDIA A100-SXM4-40GB,1,0,circles_spatial3D_rtc,200,64000,40.000000,8.000000,123,1.000000,0.008566,64000.000000,20.000000
NVIDIA A100-SXM4-40GB,1,0,circles_spatial3D_rtc,200,64000,40.000000,8.000000,124,1.000000,0.008592,64000.000000,20.000000
NVIDIA A100-SXM4-40GB,1,0,circles_spatial3D_rtc,200,64000,40.000000,8.000000,125,1.000000,0.008562,64000.000000,20.000000
NVIDIA A100-SXM4-40GB,1,0,circles_spatial3D_rtc,200,64000,40.000000,8.000000,126,1.000000,0.008557,64000.000000,20.000000
NVIDIA A100-SXM4-40GB,1,0,circles_spatial3D_rtc,200,64000,40.000000,8.000000,127,1.000000,0.008564,64000.000000,20.000000
NVIDIA A100-SXM4-40GB,1,0,circles_spatial3D_rtc,200,64000,40.000000,8.000000,128,1.000000,0.008573,64000.000000,20.000000
NVIDIA A100-SXM4-40GB,1,0,circles_spatial3D_rtc,200,64000,40.000000,8.000000,129,1.000000,0.008571,64000.000000,20.000000
NVIDIA A100-SXM4-40GB,1,0,circles_spatial3D_rtc,200,64000,40.000000,8.000000,130,1.000000,0.008591,64000.000000,20.000000
NVIDIA A100-SXM4-40GB,1,0,circles_spatial3D_rtc,200,64000,40.000000,8.000000,131,1.000000,0.008573,64000.000000,20.000000
NVIDIA A100-SXM4-40GB,1,0,circles_spatial3D_rtc,200,64000,40.000000,8.000000,132,1.000000,0.008609,64000.000000,20.000000
NVIDIA A100-SXM4-40GB,1,0,circles_spatial3D_rtc,200,64000,40.000000,8.000000,133,1.000000,0.008579,64000.000000,20.000000
NVIDIA A100-SXM4-40GB,1,0,circles_spatial3D_rtc,200,64000,40.000000,8.000000,134,1.000000,0.008574,64000.000000,20.000000
NVIDIA A100-SXM4-40GB,1,0,circles_spatial3D_rtc,200,64000,40.000000,8.000000,135,1.000000,0.008587,64000.000000,20.000000
NVIDIA A100-SXM4-40GB,1,0,circles_spatial3D_rtc,200,64000,40.000000,8.000000,136,1.000000,0.008575,64000.000000,20.000000
NVIDIA A100-SXM4-40GB,1,0,circles_spatial3D_rtc,200,64000,40.000000,8.000000,137,1.000000,0.008575,64000.000000,20.000000
NVIDIA A100-SXM4-40GB,1,0,circles_spatial3D_rtc,200,64000,40.000000,8.000000,138,1.000000,0.008587,64000.000000,20.000000
NVIDIA A100-SXM4-40GB,1,0,circles_spatial3D_rtc,200,64000,40.000000,8.000000,139,1.000000,0.008589,64000.000000,20.000000
NVIDIA A100-SXM4-40GB,1,0,circles_spatial3D_rtc,200,64000,40.000000,8.000000,140,1.000000,0.008575,64000.000000,20.000000
NVIDIA A100-SXM4-40GB,1,0,circles_spatial3D_rtc,200,64000,40.000000,8.000000,141,1.000000,0.008557,64000.000000,20.000000
NVIDIA A100-SXM4-40GB,1,0,circles_spatial3D_rtc,200,64000,40.000000,8.000000,142,1.000000,0.008562,64000.000000,20.000000
NVIDIA A100-SXM4-40GB,1,0,circles_spatial3D_rtc,200,64000,40.000000,8.000000,143,1.000000,0.008574,64000.000000,20.000000
NVIDIA A100-SXM4-40GB,1,0,circles_spatial3D_rtc,200,64000,40.000000,8.000000,144,1.000000,0.008587,64000.000000,20.000000
NVIDIA A100-SXM4-40GB,1,0,circles_spatial3D_rtc,200,64000,40.000000,8.000000,145,1.000000,0.008587,64000.000000,20.000000
NVIDIA A100-SXM4-40GB,1,0,circles_spatial3D_rtc,200,64000,40.000000,8.000000,146,1.000000,0.008601,64000.000000,20.000000
NVIDIA A100-SXM4-40GB,1,0,circles_spatial3D_rtc,200,64000,40.000000,8.000000,147,1.000000,0.008582,64000.000000,20.000000
NVIDIA A100-SXM4-40GB,1,0,circles_spatial3D_rtc,200,64000,40.000000,8.000000,148,1.000000,0.008576,64000.000000,20.000000
NVIDIA A100-SXM4-40GB,1,0,circles_spatial3D_rtc,200,64000,40.000000,8.000000,149,1.000000,0.008591,64000.000000,20.000000
NVIDIA A100-SXM4-40GB,1,0,circles_spatial3D_rtc,200,64000,40.000000,8.000000,150,1.000000,0.008619,64000.000000,20.000000
NVIDIA A100-SXM4-40GB,1,0,circles_spatial3D_rtc,200,64000,40.000000,8.000000,151,1.000000,0.008598,64000.000000,20.000000
NVIDIA A100-SXM4-40GB,1,0,circles_spatial3D_rtc,200,64000,40.000000,8.000000,152,1.000000,0.008635,64000.000000,20.000000
NVIDIA A100-SXM4-40GB,1,0,circles_spatial3D_rtc,200,64000,40.000000,8.000000,153,1.000000,0.008604,64000.000000,20.000000
NVIDIA A100-SXM4-40GB,1,0,circles_spatial3D_rtc,200,64000,40.000000,8.000000,154,1.000000,0.008614,64000.000000,20.000000
NVIDIA A100-SXM4-40GB,1,0,circles_spatial3D_rtc,200,64000,40.000000,8.000000,155,1.000000,0.008612,64000.000000,20.000000
NVIDIA A100-SXM4-40GB,1,0,circles_spatial3D_rtc,200,64000,40.000000,8.000000,156,1.000000,0.008615,64000.000000,20.000000
NVIDIA A100-SXM4-40GB,1,0,circles_spatial3D_rtc,200,64000,40.000000,8.000000,157,1.000000,0.008612,64000.000000,20.000000
NVIDIA A100-SXM4-40GB,1,0,circles_spatial3D_rtc,200,64000,40.000000,8.000000,158,1.000000,0.008604,64000.000000,20.000000
NVIDIA A100-SXM4-40GB,1,0,circles_spatial3D_rtc,200,64000,40.000000,8.000000,159,1.000000,0.008588,64000.000000,20.000000
NVIDIA A100-SXM4-40GB,1,0,circles_spatial3D_rtc,200,64000,40.000000,8.000000,160,1.000000,0.008615,64000.000000,20.000000
NVIDIA A100-SXM4-40GB,1,0,circles_spatial3D_rtc,200,64000,40.000000,8.000000,161,1.000000,0.008590,64000.000000,20.000000
NVIDIA A100-SXM4-40GB,1,0,circles_spatial3D_rtc,200,64000,40.000000,8.000000,162,1.000000,0.008574,64000.000000,20.000000
NVIDIA A100-SXM4-40GB,1,0,circles_spatial3D_rtc,200,64000,40.000000,8.000000,163,1.000000,0.008595,64000.000000,20.000000
NVIDIA A100-SXM4-40GB,1,0,circles_spatial3D_rtc,200,64000,40.000000,8.000000,164,1.000000,0.008563,64000.000000,20.000000
NVIDIA A100-SXM4-40GB,1,0,circles_spatial3D_rtc,200,64000,40.000000,8.000000,165,1.000000,0.008578,64000.000000,20.000000
NVIDIA A100-SXM4-40GB,1,0,circles_spatial3D_rtc,200,64000,40.000000,8.000000,166,1.000000,0.008581,64000.000000,20.000000
NVIDIA A100-SXM4-40GB,1,0,circles_spatial3D_rtc,200,64000,40.000000,8.000000,167,1.000000,0.008584,64000.000000,20.000000
NVIDIA A100-SXM4-40GB,1,0,circles_spatial3D_rtc,200,64000,40.000000,8.000000,168,1.000000,0.008593,64000.000000,20.000000
NVIDIA A100-SXM4-40GB,1,0,circles_spatial3D_rtc,200,64000,40.000000,8.000000,169,1.000000,0.008585,64000.000000,20.000000
NVIDIA A100-SXM4-40GB,1,0,circles_spatial3D_rtc,200,64000,40.000000,8.000000,170,1.000000,0.008652,64000.000000,20.000000
NVIDIA A100-SXM4-40GB,1,0,circles_spatial3D_rtc,200,64000,40.000000,8.000000,171,1.000000,0.008596,64000.000000,20.000000
NVIDIA A100-SXM4-40GB,1,0,circles_spatial3D_rtc,200,64000,40.000000,8.000000,172,1.000000,0.008629,64000.000000,20.000000
NVIDIA A100-SXM4-40GB,1,0,circles_spatial3D_rtc,200,64000,40.000000,8.000000,173,1.000000,0.008616,64000.000000,20.000000
NVIDIA A100-SXM4-40GB,1,0,circles_spatial3D_rtc,200,64000,40.000000,8.000000,174,1.000000,0.008586,64000.000000,20.000000
NVIDIA A100-SXM4-40GB,1,0,circles_spatial3D_rtc,200,64000,40.000000,8.000000,175,1.000000,0.008614,64000.000000,20.000000
NVIDIA A100-SXM4-40GB,1,0,circles_spatial3D_rtc,200,64000,40.000000,8.000000,176,1.000000,0.008635,64000.000000,20.000000
NVIDIA A100-SXM4-40GB,1,0,circles_spatial3D_rtc,200,64000,40.000000,8.000000,177,1.000000,0.008629,64000.000000,20.000000
NVIDIA A100-SXM4-40GB,1,0,circles_spatial3D_rtc,200,64000,40.000000,8.000000,178,1.000000,0.008637,64000.000000,20.000000
NVIDIA A100-SXM4-40GB,1,0,circles_spatial3D_rtc,200,64000,40.000000,8.000000,179,1.000000,0.008626,64000.000000,20.000000
NVIDIA A100-SXM4-40GB,1,0,circles_spatial3D_rtc,200,64000,40.000000,8.000000,180,1.000000,0.008625,64000.000000,20.000000
NVIDIA A100-SXM4-40GB,1,0,circles_spatial3D_rtc,200,64000,40.000000,8.000000,181,1.000000,0.008650,64000.000000,20.000000
NVIDIA A100-SXM4-40GB,1,0,circles_spatial3D_rtc,200,64000,40.000000,8.000000,182,1.000000,0.008643,64000.000000,20.000000
NVIDIA A100-SXM4-40GB,1,0,circles_spatial3D_rtc,200,64000,40.000000,8.000000,183,1.000000,0.008646,64000.000000,20.000000
NVIDIA A100-SXM4-40GB,1,0,circles_spatial3D_rtc,200,64000,40.000000,8.000000,184,1.000000,0.008624,64000.000000,20.000000
NVIDIA A100-SXM4-40GB,1,0,circles_spatial3D_rtc,200,64000,40.000000,8.000000,185,1.000000,0.008642,64000.000000,20.000000
NVIDIA A100-SXM4-40GB,1,0,circles_spatial3D_rtc,200,64000,40.000000,8.000000,186,1.000000,0.008630,64000.000000,20.000000
NVIDIA A100-SXM4-40GB,1,0,circles_spatial3D_rtc,200,64000,40.000000,8.000000,187,1.000000,0.008606,64000.000000,20.000000
NVIDIA A100-SXM4-40GB,1,0,circles_spatial3D_rtc,200,64000,40.000000,8.000000,188,1.000000,0.008652,64000.000000,20.000000
NVIDIA A100-SXM4-40GB,1,0,circles_spatial3D_rtc,200,64000,40.000000,8.000000,189,1.000000,0.008660,64000.000000,20.000000
NVIDIA A100-SXM4-40GB,1,0,circles_spatial3D_rtc,200,64000,40.000000,8.000000,190,1.000000,0.008644,64000.000000,20.000000
NVIDIA A100-SXM4-40GB,1,0,circles_spatial3D_rtc,200,64000,40.000000,8.000000,191,1.000000,0.008651,64000.000000,20.000000
NVIDIA A100-SXM4-40GB,1,0,circles_spatial3D_rtc,200,64000,40.000000,8.000000,192,1.000000,0.008666,64000.000000,20.000000
NVIDIA A100-SXM4-40GB,1,0,circles_spatial3D_rtc,200,64000,40.000000,8.000000,193,1.000000,0.008668,64000.000000,20.000000
NVIDIA A100-SXM4-40GB,1,0,circles_spatial3D_rtc,200,64000,40.000000,8.000000,194,1.000000,0.008638,64000.000000,20.000000
NVIDIA A100-SXM4-40GB,1,0,circles_spatial3D_rtc,200,64000,40.000000,8.000000,195,1.000000,0.008671,64000.000000,20.000000
NVIDIA A100-SXM4-40GB,1,0,circles_spatial3D_rtc,200,64000,40.000000,8.000000,196,1.000000,0.008638,64000.000000,20.000000
NVIDIA A100-SXM4-40GB,1,0,circles_spatial3D_rtc,200,64000,40.000000,8.000000,197,1.000000,0.008686,64000.000000,20.000000
NVIDIA A100-SXM4-40GB,1,0,circles_spatial3D_rtc,200,64000,40.000000,8.000000,198,1.000000,0.008700,64000.000000,20.000000
NVIDIA A100-SXM4-40GB,1,0,circles_spatial3D_rtc,200,64000,40.000000,8.000000,199,1.000000,0.008661,64000.000000,20.000000
